top_k,max_depth,min_samples_split,train_samples,test_samples,train_files,test_files,accuracy,macro_precision,macro_recall,macro_f1,weighted_precision,weighted_recall,weighted_f1,empty_precision,empty_recall,empty_f1,static_presence_precision,static_presence_recall,static_presence_f1,movement_precision,movement_recall,movement_f1,tree_nodes,tree_decision_nodes,tree_leaf_nodes,tree_actual_max_depth,selected_indices
150,6,5,187,42,162,41,0.6190476190476191,0.6682539682539682,0.6116557734204794,0.6259384384384384,0.6391156462585034,0.6190476190476191,0.6176399613899614,0.8333333333333334,0.5555555555555556,0.6666666666666667,0.6,0.5294117647058824,0.5625,0.5714285714285714,0.75,0.6486486486486486,31,15,16,6,221;199;224;202;227;188;205;191;204;210;213;78;67;56;226;59;194;34;23;70;37;45;229;216;81;84;1;4;207;48;26;171;73;193;178;139;215;169;62;69;29;172;166;106;12;136;183;133;72;39;196;174;74;218;83;114;173;15;182;223;38;111;75;184;116;117;66;176;58;40;180;89;177;185;228;100;103;86;61;51;91;217;119;128;167;27;125;68;28;92;122;55;57;118;179;212;144;80;220;147;50;64;31;108;41;206;161;63;30;42;209;141;150;52;203;165;105;138;140;189;8;211;222;168;156;18;96;195;155;158;200;19;94;107;17;47;53;127;6;77;7;95;130;16;88;154;129;149;46;44
180,6,5,187,42,162,41,0.6190476190476191,0.6682539682539682,0.6116557734204794,0.6259384384384384,0.6391156462585034,0.6190476190476191,0.6176399613899614,0.8333333333333334,0.5555555555555556,0.6666666666666667,0.6,0.5294117647058824,0.5625,0.5714285714285714,0.75,0.6486486486486486,31,15,16,6,221;199;224;202;227;188;205;191;204;210;213;78;67;56;226;59;194;34;23;70;37;45;229;216;81;84;1;4;207;48;26;171;73;193;178;139;215;169;62;69;29;172;166;106;12;136;183;133;72;39;196;174;74;218;83;114;173;15;182;223;38;111;75;184;116;117;66;176;58;40;180;89;177;185;228;100;103;86;61;51;91;217;119;128;167;27;125;68;28;92;122;55;57;118;179;212;144;80;220;147;50;64;31;108;41;206;161;63;30;42;209;141;150;52;203;165;105;138;140;189;8;211;222;168;156;18;96;195;155;158;200;19;94;107;17;47;53;127;6;77;7;95;130;16;88;154;129;149;46;44;151;157;5;79;148;152;97;145;162;160;192;93;159;137;163;49;85;90;170;134;20;102;181;143;71;9;35;82;10;126
200,6,5,187,42,162,41,0.5952380952380952,0.6568190263842438,0.5920479302832243,0.6051282051282052,0.6264134416308329,0.5952380952380952,0.593162393162393,0.8333333333333334,0.5555555555555556,0.6666666666666667,0.6153846153846154,0.47058823529411764,0.5333333333333333,0.5217391304347826,0.75,0.6153846153846153,33,16,17,6,221;199;224;202;227;188;205;191;204;210;213;78;67;56;226;59;194;34;23;70;37;45;229;216;81;84;1;4;207;48;26;171;73;193;178;139;215;169;62;69;29;172;166;106;12;136;183;133;72;39;196;174;74;218;83;114;173;15;182;223;38;111;75;184;116;117;66;176;58;40;180;89;177;185;228;100;103;86;61;51;91;217;119;128;167;27;125;68;28;92;122;55;57;118;179;212;144;80;220;147;50;64;31;108;41;206;161;63;30;42;209;141;150;52;203;165;105;138;140;189;8;211;222;168;156;18;96;195;155;158;200;19;94;107;17;47;53;127;6;77;7;95;130;16;88;154;129;149;46;44;151;157;5;79;148;152;97;145;162;160;192;93;159;137;163;49;85;90;170;134;20;102;181;143;71;9;35;82;10;126;13;65;101;146;104;225;123;2;99;36;112;135;187;113;198;33;24;208;115;132
231,6,5,187,42,162,41,0.5952380952380952,0.6568190263842438,0.5920479302832243,0.6051282051282052,0.6264134416308329,0.5952380952380952,0.593162393162393,0.8333333333333334,0.5555555555555556,0.6666666666666667,0.6153846153846154,0.47058823529411764,0.5333333333333333,0.5217391304347826,0.75,0.6153846153846153,33,16,17,6,221;199;224;202;227;188;205;191;204;210;213;78;67;56;226;59;194;34;23;70;37;45;229;216;81;84;1;4;207;48;26;171;73;193;178;139;215;169;62;69;29;172;166;106;12;136;183;133;72;39;196;174;74;218;83;114;173;15;182;223;38;111;75;184;116;117;66;176;58;40;180;89;177;185;228;100;103;86;61;51;91;217;119;128;167;27;125;68;28;92;122;55;57;118;179;212;144;80;220;147;50;64;31;108;41;206;161;63;30;42;209;141;150;52;203;165;105;138;140;189;8;211;222;168;156;18;96;195;155;158;200;19;94;107;17;47;53;127;6;77;7;95;130;16;88;154;129;149;46;44;151;157;5;79;148;152;97;145;162;160;192;93;159;137;163;49;85;90;170;134;20;102;181;143;71;9;35;82;10;126;13;65;101;146;104;225;123;2;99;36;112;135;187;113;198;33;24;208;115;132;219;164;76;109;124;54;21;11;43;197;214;120;175;22;153;0;110;25;32;121;142;190;3;131;230;14;186;87;98;201;60
126,6,5,187,42,162,41,0.5714285714285714,0.5643274853801169,0.5525599128540305,0.555672268907563,0.577485380116959,0.5714285714285714,0.5715036014405762,0.5,0.4444444444444444,0.47058823529411764,0.6666666666666666,0.5882352941176471,0.625,0.5263157894736842,0.625,0.5714285714285714,39,19,20,6,221;199;224;202;227;188;205;191;204;210;213;78;67;56;226;59;194;34;23;70;37;45;229;216;81;84;1;4;207;48;26;171;73;193;178;139;215;169;62;69;29;172;166;106;12;136;183;133;72;39;196;174;74;218;83;114;173;15;182;223;38;111;75;184;116;117;66;176;58;40;180;89;177;185;228;100;103;86;61;51;91;217;119;128;167;27;125;68;28;92;122;55;57;118;179;212;144;80;220;147;50;64;31;108;41;206;161;63;30;42;209;141;150;52;203;165;105;138;140;189;8;211;222;168;156;18
100,6,5,187,42,162,41,0.5476190476190477,0.5370370370370371,0.5305010893246188,0.5330532212885154,0.544973544973545,0.5476190476190477,0.5457382953181272,0.5,0.4444444444444444,0.47058823529411764,0.6111111111111112,0.6470588235294118,0.6285714285714287,0.5,0.5,0.5,39,19,20,6,221;199;224;202;227;188;205;191;204;210;213;78;67;56;226;59;194;34;23;70;37;45;229;216;81;84;1;4;207;48;26;171;73;193;178;139;215;169;62;69;29;172;166;106;12;136;183;133;72;39;196;174;74;218;83;114;173;15;182;223;38;111;75;184;116;117;66;176;58;40;180;89;177;185;228;100;103;86;61;51;91;217;119;128;167;27;125;68;28;92;122;55;57;118;179;212;144;80;220;147
70,6,5,187,42,162,41,0.5238095238095238,0.5034235916588857,0.4934640522875817,0.49613997113997116,0.5184629407318484,0.5238095238095238,0.5194830962688106,0.42857142857142855,0.3333333333333333,0.375,0.6111111111111112,0.6470588235294118,0.6285714285714287,0.47058823529411764,0.5,0.48484848484848486,39,19,20,6,221;199;224;202;227;188;205;191;204;210;213;78;67;56;226;59;194;34;23;70;37;45;229;216;81;84;1;4;207;48;26;171;73;193;178;139;215;169;62;69;29;172;166;106;12;136;183;133;72;39;196;174;74;218;83;114;173;15;182;223;38;111;75;184;116;117;66;176;58;40
30,6,5,187,42,162,41,0.40476190476190477,0.37878787878787873,0.36301742919389984,0.3613756613756614,0.4307359307359307,0.40476190476190477,0.40653817082388516,0.09090909090909091,0.1111111111111111,0.09999999999999999,0.5454545454545454,0.35294117647058826,0.42857142857142855,0.5,0.625,0.5555555555555556,41,20,21,6,221;199;224;202;227;188;205;191;204;210;213;78;67;56;226;59;194;34;23;70;37;45;229;216;81;84;1;4;207;48
50,6,5,187,42,162,41,0.38095238095238093,0.3481481481481481,0.340958605664488,0.342488098804887,0.39312169312169315,0.38095238095238093,0.38462379858564816,0.1,0.1111111111111111,0.10526315789473685,0.5,0.4117647058823529,0.45161290322580644,0.4444444444444444,0.5,0.47058823529411764,41,20,21,6,221;199;224;202;227;188;205;191;204;210;213;78;67;56;226;59;194;34;23;70;37;45;229;216;81;84;1;4;207;48;26;171;73;193;178;139;215;169;62;69;29;172;166;106;12;136;183;133;72;39
