seed,classifier,family,top_k,estimated_model_units,max_depth,n_estimators,c,class_weight,train_samples,test_samples,accuracy,macro_f1,weighted_f1,empty_precision,empty_recall,empty_f1,empty_support,static_presence_precision,static_presence_recall,static_presence_f1,static_presence_support,movement_precision,movement_recall,movement_f1,movement_support,roc_auc_ovr_macro,roc_auc_ovr_weighted,average_precision_macro,average_precision_weighted,empty_roc_auc,empty_average_precision,static_presence_roc_auc,static_presence_average_precision,movement_roc_auc,movement_average_precision,fit_time_ms,prediction_time_ms
7,gradient_boosting_depth3_20,gradient_boosting,231,20,3,20,,,322,95,0.5894736842105263,0.5853871175905074,0.5842613051533658,0.696969696969697,0.696969696969697,0.696969696969697,33,0.5135135135135135,0.6785714285714286,0.5846153846153846,28,0.56,0.4117647058823529,0.4745762711864407,34,0.8080164841604479,0.8085668958223163,0.6924571798961278,0.6998747154069536,0.8895405669599218,0.8499765757465086,0.7857142857142857,0.5487596349996537,0.748794599807136,0.6786353289422208,1490.8801000000267,6.227099999989605
7,logistic_regression_c0_1,logistic_regression,231,1,,,0.1,,322,95,0.5789473684210527,0.5791951634434457,0.5856226646122309,0.8214285714285714,0.696969696969697,0.7540983606557377,33,0.43333333333333335,0.4642857142857143,0.4482758620689655,28,0.5135135135135135,0.5588235294117647,0.5352112676056338,34,0.724283983554132,0.730530237288051,0.6204838316026607,0.6301570816214467,0.8465298142717498,0.8054728608881204,0.6050106609808102,0.43649253475763833,0.721311475409836,0.6194860991622233,87.84100000002582,7.400099999983922
7,logistic_regression_c1,logistic_regression,231,1,,,1.0,,322,95,0.5578947368421052,0.556066411238825,0.5653639846743295,0.8148148148148148,0.6666666666666666,0.7333333333333333,33,0.36666666666666664,0.39285714285714285,0.3793103448275862,28,0.5263157894736842,0.5882352941176471,0.5555555555555556,34,0.7105474358690578,0.7184602883880024,0.6068541645966086,0.6188011384408786,0.8607038123167156,0.8173420030380367,0.5602345415778252,0.3826124389887618,0.7107039537126325,0.6206080517630274,101.36039999997593,6.999500000006265
7,logistic_regression_c10,logistic_regression,231,1,,,10.0,,322,95,0.5578947368421052,0.5555057391202239,0.5649879885738701,0.8076923076923077,0.6363636363636364,0.711864406779661,33,0.36666666666666664,0.39285714285714285,0.3793103448275862,28,0.5384615384615384,0.6176470588235294,0.5753424657534246,34,0.7004990983432601,0.7091065588309946,0.6020988891521667,0.6125858158007312,0.8651026392961877,0.8079370812780615,0.5367803837953092,0.401749518528911,0.6996142719382835,0.5966100676495273,135.92180000000553,8.768699999961882
7,logistic_regression_c1_balanced,logistic_regression,231,1,,,1.0,balanced,322,95,0.5684210526315789,0.5586419753086419,0.5685185185185184,0.7741935483870968,0.7272727272727273,0.75,33,0.38461538461538464,0.35714285714285715,0.37037037037037035,28,0.5263157894736842,0.5882352941176471,0.5555555555555556,34,0.7146739247987989,0.7223573191406102,0.6091398529060507,0.6211111333370393,0.8602150537634409,0.8140545775040735,0.5687633262260128,0.385442125315725,0.7150433944069431,0.6279228558983534,95.93229999995856,7.377899999994497
7,xgboost_depth2_10,xgboost,231,10,2,10,,,322,95,0.5368421052631579,0.5318704284221526,0.5283176593521421,0.6060606060606061,0.6060606060606061,0.6060606060606061,33,0.5,0.6785714285714286,0.5757575757575758,28,0.5,0.35294117647058826,0.41379310344827586,34,0.79103466041565,0.7896858771632113,0.6711469475737998,0.6768093228245222,0.8279569892473119,0.7909046517020123,0.8062366737739872,0.5615330554159936,0.7389103182256509,0.6610031356033935,542.6726999999687,8.928500000024542
7,xgboost_depth2_20,xgboost,231,20,2,20,,,322,95,0.5894736842105263,0.5871095451126331,0.5874238468414594,0.6875,0.6666666666666666,0.676923076923077,33,0.48717948717948717,0.6785714285714286,0.5671641791044776,28,0.625,0.4411764705882353,0.5172413793103449,34,0.8019252361541446,0.8007859613674233,0.6960866566975895,0.700307762277508,0.8475073313782991,0.8167316143052339,0.8123667377398721,0.6091449920809394,0.7459016393442623,0.6623833637065953,384.9778999999671,6.380300000046191
7,xgboost_depth3_20,xgboost,231,20,3,20,,,322,95,0.6,0.5913342867736638,0.5924517634464359,0.7027027027027027,0.7878787878787878,0.7428571428571429,33,0.5,0.6071428571428571,0.5483870967741935,28,0.5833333333333334,0.4117647058823529,0.4827586206896552,34,0.7994078779830242,0.798551994958548,0.6761188485034837,0.6819432186571619,0.886119257086999,0.8475791536978268,0.7985074626865671,0.5553229368711867,0.7135969141755062,0.6254544549414376,802.0801999999776,5.317900000022746
13,gradient_boosting_depth3_20,gradient_boosting,231,20,3,20,,,321,96,0.7291666666666666,0.7135781614948282,0.7291666666666666,0.8918918918918919,0.8918918918918919,0.8918918918918919,37,0.65625,0.65625,0.65625,32,0.5925925925925926,0.5925925925925926,0.5925925925925926,27,0.8841898876536741,0.8922927845200811,0.7652926716429835,0.7822212663204371,0.9848831882730188,0.9785380293526897,0.83837890625,0.6638309740306764,0.8293075684380032,0.6535090115455848,1468.9667999999756,5.361900000025344
13,logistic_regression_c0_1,logistic_regression,231,1,,,0.1,,321,96,0.6458333333333334,0.6499641748268449,0.6438714075312474,0.782608695652174,0.4864864864864865,0.6,37,0.5319148936170213,0.78125,0.6329113924050633,32,0.7307692307692307,0.7037037037037037,0.7169811320754716,27,0.8319433987015166,0.831158036966245,0.7335196952969262,0.7301681490770967,0.853412734768667,0.7037203436680073,0.77392578125,0.7287687111340356,0.868491680085883,0.7680700310887358,77.64040000000705,8.103000000005522
13,logistic_regression_c1,logistic_regression,231,1,,,1.0,,321,96,0.625,0.6273504273504273,0.6238782051282051,0.782608695652174,0.4864864864864865,0.6,37,0.5217391304347826,0.75,0.6153846153846154,32,0.6666666666666666,0.6666666666666666,0.6666666666666666,27,0.8145347240602824,0.8158439249544543,0.7036697938030096,0.7021756628113364,0.8630325240494733,0.718877077779688,0.74267578125,0.6445679108095252,0.8378958668813741,0.7475643928198155,105.91909999999416,11.616399999979876
13,logistic_regression_c10,logistic_regression,231,1,,,10.0,,321,96,0.59375,0.5949123065433506,0.5957670980921149,0.76,0.5135135135135135,0.6129032258064516,37,0.5121951219512195,0.65625,0.5753424657534246,32,0.5666666666666667,0.6296296296296297,0.5964912280701754,27,0.7881109613804395,0.7910717975338778,0.674433934299009,0.6736073086666937,0.8534127347686671,0.7073628435113573,0.71435546875,0.5927049037338609,0.7965646806226516,0.7232340556518089,156.54050000000552,6.422600000007606
13,logistic_regression_c1_balanced,logistic_regression,231,1,,,1.0,balanced,321,96,0.6458333333333334,0.6493899681282956,0.6457776310118601,0.7916666666666666,0.5135135135135135,0.6229508196721312,37,0.5319148936170213,0.78125,0.6329113924050633,32,0.72,0.6666666666666666,0.6923076923076923,27,0.8193740105354602,0.8204834164287029,0.7102100969488753,0.7083991293203035,0.863490609253321,0.7180527901787299,0.75244140625,0.6597541320205877,0.8421900161030595,0.752823368647308,106.9084000000089,6.735800000001291
13,xgboost_depth2_10,xgboost,231,10,2,10,,,321,96,0.6979166666666666,0.6804615644798293,0.6991174920969442,0.8888888888888888,0.8648648648648649,0.8767123287671232,37,0.6363636363636364,0.65625,0.6461538461538462,32,0.5185185185185185,0.5185185185185185,0.5185185185185185,27,0.8681238621363497,0.8761847407091828,0.75044207730094,0.7654766297278107,0.9677049931287219,0.9524152851318537,0.82373046875,0.635159068235028,0.8129361245303274,0.6637518785359385,214.8975000000064,6.403199999965636
13,xgboost_depth2_20,xgboost,231,20,2,20,,,321,96,0.7083333333333334,0.6897931411337569,0.7055422722161798,0.8461538461538461,0.8918918918918919,0.868421052631579,37,0.6451612903225806,0.625,0.6349206349206349,32,0.5769230769230769,0.5555555555555556,0.5660377358490566,27,0.8796956555237867,0.8868878273279498,0.7686711378856673,0.7833940096944886,0.967934035730646,0.9546194233564043,0.84130859375,0.6794537056735619,0.8298443370907139,0.6719402846270359,368.2036999999809,6.525599999974929
13,xgboost_depth3_20,xgboost,231,20,3,20,,,321,96,0.6979166666666666,0.6904055009318167,0.7024930113745903,0.8787878787878788,0.7837837837837838,0.8285714285714286,37,0.6363636363636364,0.65625,0.6461538461538462,32,0.5666666666666667,0.6296296296296297,0.5964912280701754,27,0.8716573131188561,0.879835435665377,0.7465637597649336,0.7640343182326665,0.9702244617498855,0.9607032257133674,0.83154296875,0.6537195504485395,0.8132045088566827,0.6252685031328937,705.4835000000139,6.10940000001392
21,gradient_boosting_depth3_20,gradient_boosting,231,20,3,20,,,342,75,0.6533333333333333,0.6758547008547008,0.6570683760683761,0.9090909090909091,0.6666666666666666,0.7692307692307693,15,0.6129032258064516,0.6551724137931034,0.6333333333333333,29,0.6060606060606061,0.6451612903225806,0.625,31,0.8156263168513495,0.7858155467720684,0.7411989381096099,0.7230781371201691,0.9633333333333333,0.833287714464185,0.7518740629685157,0.6840187643770419,0.7316715542521993,0.7062903354876031,1559.8329000000035,5.323799999985113
21,logistic_regression_c0_1,logistic_regression,231,1,,,0.1,,342,75,0.52,0.503030303030303,0.5248484848484848,0.35,0.4666666666666667,0.4,15,0.5384615384615384,0.4827586206896552,0.509090909090909,29,0.6206896551724138,0.5806451612903226,0.6,31,0.7256096585138515,0.7193517786561265,0.6048226113938492,0.6330630390969655,0.76,0.47328391429459316,0.6851574212893553,0.5981161493210324,0.7316715542521994,0.7430677705659219,76.78199999998014,5.45020000004115
21,logistic_regression_c1,logistic_regression,231,1,,,1.0,,342,75,0.6133333333333333,0.621763005943797,0.607249056966571,0.5909090909090909,0.8666666666666667,0.7027027027027027,15,0.56,0.4827586206896552,0.5185185185185185,29,0.6785714285714286,0.6129032258064516,0.6440677966101694,31,0.784074217371601,0.7648599033816426,0.6875859025094866,0.6880222337471232,0.8844444444444445,0.6970399542202611,0.7016491754122939,0.595591067411915,0.7661290322580645,0.7701266858962836,101.33109999998169,5.62600000000657
21,logistic_regression_c10,logistic_regression,231,1,,,10.0,,342,75,0.6266666666666667,0.6354206046442359,0.619759425370313,0.6190476190476191,0.8666666666666667,0.7222222222222222,15,0.5833333333333334,0.4827586206896552,0.5283018867924528,29,0.6666666666666666,0.6451612903225806,0.6557377049180327,31,0.7835942569607995,0.7588757136583224,0.7083870273473182,0.6933899082647831,0.9111111111111111,0.7933307923013806,0.6904047976011994,0.5912288733098846,0.749266862170088,0.7406014164306893,125.8923999999979,5.761600000028011
21,logistic_regression_c1_balanced,logistic_regression,231,1,,,1.0,balanced,342,75,0.6133333333333333,0.621763005943797,0.607249056966571,0.5909090909090909,0.8666666666666667,0.7027027027027027,15,0.56,0.4827586206896552,0.5185185185185185,29,0.6785714285714286,0.6129032258064516,0.6440677966101694,31,0.7859218549734582,0.7668739569609134,0.6917907362859633,0.6912809664904151,0.8855555555555555,0.7059288431091499,0.7031484257871065,0.5978022490335219,0.7690615835777127,0.771641116715218,96.47219999999379,5.816600000002836
21,xgboost_depth2_10,xgboost,231,10,2,10,,,342,75,0.6133333333333333,0.5748696371417269,0.6020334448160535,0.625,0.3333333333333333,0.43478260869565216,15,0.6111111111111112,0.7586206896551724,0.676923076923077,29,0.6129032258064516,0.6129032258064516,0.6129032258064516,31,0.7939541535846609,0.7732771190162496,0.6652284329204216,0.669949085251087,0.893888888888889,0.6468758463758464,0.7698650674662669,0.6350246628770697,0.718108504398827,0.7137847895083487,229.87139999997908,4.503199999987828
21,xgboost_depth2_20,xgboost,231,20,2,20,,,342,75,0.68,0.685588736436194,0.6791247421755896,0.7692307692307693,0.6666666666666666,0.7142857142857143,15,0.6470588235294118,0.7586206896551724,0.6984126984126984,29,0.6785714285714286,0.6129032258064516,0.6440677966101694,31,0.8125505901334117,0.7927940272288099,0.7056139436243996,0.7081994223658367,0.9077777777777778,0.6980689198080502,0.7916041979010494,0.669018681351306,0.7382697947214076,0.7497542297138424,363.34909999999354,4.394600000011906
21,xgboost_depth3_20,xgboost,231,20,3,20,,,342,75,0.6933333333333334,0.6999999999999998,0.6928888888888888,0.7333333333333333,0.7333333333333333,0.7333333333333333,15,0.6774193548387096,0.7241379310344828,0.7,29,0.6896551724137931,0.6451612903225806,0.6666666666666666,31,0.8212750174277476,0.7983003952569171,0.7271264382184377,0.722060368955729,0.9333333333333333,0.7535291251957918,0.7863568215892055,0.7058825397511822,0.7441348973607038,0.721967649708339,695.0989999999706,5.037099999981365
42,gradient_boosting_depth3_20,gradient_boosting,231,20,3,20,,,344,73,0.7123287671232876,0.7367003367003365,0.7142026922848841,0.9230769230769231,0.8,0.8571428571428571,15,0.6666666666666666,0.6428571428571429,0.6545454545454545,28,0.6666666666666666,0.7333333333333333,0.6984126984126984,30,0.8445564593118723,0.8191879689336601,0.7554793609962256,0.7365389935009321,0.9758620689655172,0.850252291568081,0.7857142857142857,0.7360057952855208,0.772093023255814,0.6801799961350748,1543.780799999979,5.987900000036461
42,logistic_regression_c0_1,logistic_regression,231,1,,,0.1,,344,73,0.6164383561643836,0.6071884692574346,0.6186952186007453,0.5714285714285714,0.5333333333333333,0.5517241379310345,15,0.5428571428571428,0.6785714285714286,0.6031746031746031,28,0.75,0.6,0.6666666666666666,30,0.8086593008405357,0.7965258477270869,0.6807856394112092,0.6854385607606971,0.8770114942528735,0.6593365763043153,0.7388888888888889,0.6718219834566089,0.8100775193798451,0.7111983584727037,76.5395999999896,6.881299999974999
42,logistic_regression_c1,logistic_regression,231,1,,,1.0,,344,73,0.6301369863013698,0.6390432098765433,0.6301560121765601,0.6470588235294118,0.7333333333333333,0.6875,15,0.5625,0.6428571428571429,0.6,28,0.7083333333333334,0.5666666666666667,0.6296296296296297,30,0.8223191744843709,0.805933387771443,0.7346101934450565,0.7311499218755435,0.9114942528735632,0.7486170992380421,0.7515873015873016,0.75585831228489,0.8038759689922481,0.6993551688122378,102.10680000000139,6.043399999953181
42,logistic_regression_c10,logistic_regression,231,1,,,10.0,,344,73,0.6164383561643836,0.6341818907856643,0.6146578214295971,0.7333333333333333,0.7333333333333333,0.7333333333333333,15,0.5428571428571428,0.6785714285714286,0.6031746031746031,28,0.6521739130434783,0.5,0.5660377358490566,30,0.8156044347704331,0.7948237413628325,0.7109249733018747,0.6982233833183469,0.9264367816091954,0.7730967745502414,0.7428571428571429,0.7082444983378952,0.7775193798449613,0.6514336470174877,135.7960999999932,6.365099999982249
42,logistic_regression_c1_balanced,logistic_regression,231,1,,,1.0,balanced,344,73,0.6301369863013698,0.6390432098765433,0.6301560121765601,0.6470588235294118,0.7333333333333333,0.6875,15,0.5625,0.6428571428571429,0.6,28,0.7083333333333334,0.5666666666666667,0.6296296296296297,30,0.8238880190764714,0.8078023481622255,0.7339656168987392,0.7311464470789888,0.9114942528735632,0.744648845269788,0.753968253968254,0.7567411025367611,0.8062015503875969,0.7005069028896685,160.05150000000867,5.712099999982456
42,xgboost_depth2_10,xgboost,231,10,2,10,,,344,73,0.6164383561643836,0.6087570621468926,0.6123945515053014,0.7777777777777778,0.4666666666666667,0.5833333333333334,15,0.6,0.75,0.6666666666666666,28,0.5862068965517241,0.5666666666666667,0.576271186440678,30,0.8467280202645077,0.8228976941920882,0.78783995439557,0.7690275267816986,0.9632183908045977,0.8753391053391053,0.8428571428571427,0.8182499302253636,0.7341085271317829,0.669930827622241,223.57340000002068,4.684399999973721
42,xgboost_depth2_20,xgboost,231,20,2,20,,,344,73,0.684931506849315,0.7025827280064568,0.6852466085110618,0.8461538461538461,0.7333333333333333,0.7857142857142857,15,0.6774193548387096,0.75,0.711864406779661,28,0.6206896551724138,0.6,0.6101694915254238,30,0.8740524348383211,0.8528813749650608,0.8298398672026296,0.8102494693244753,0.9770114942528736,0.9221684633449339,0.8746031746031746,0.8524249186879801,0.7705426356589147,0.7149262195749748,381.7384999999831,7.667099999991933
42,xgboost_depth3_20,xgboost,231,20,3,20,,,344,73,0.6986301369863014,0.720891308731599,0.6994919987735043,0.8571428571428571,0.8,0.8275862068965517,15,0.6896551724137931,0.7142857142857143,0.7017543859649122,28,0.6333333333333333,0.6333333333333333,0.6333333333333333,30,0.8584528795034009,0.8354043006106588,0.7854990946065917,0.7732559101276748,0.9747126436781609,0.8453360637184166,0.8277777777777778,0.7835980597483687,0.7728682170542636,0.7275631603529898,717.6559000000111,7.218199999954322
84,gradient_boosting_depth3_20,gradient_boosting,231,20,3,20,,,325,92,0.6195652173913043,0.6194815396700707,0.6203797943918851,0.75,0.5454545454545454,0.631578947368421,33,0.5833333333333334,0.6774193548387096,0.6268656716417911,31,0.5625,0.6428571428571429,0.6,28,0.83500282086709,0.8378348227768583,0.7422564910272994,0.7454036935773536,0.9013867488443761,0.8084888899343285,0.8112109994711793,0.728383371050577,0.7924107142857143,0.6898972120969928,1433.766500000047,5.364600000007158
84,logistic_regression_c0_1,logistic_regression,231,1,,,0.1,,325,92,0.6086956521739131,0.6045441472533793,0.6042252816646034,0.6666666666666666,0.6666666666666666,0.6666666666666666,33,0.5384615384615384,0.45161290322580644,0.49122807017543857,31,0.6060606060606061,0.7142857142857143,0.6557377049180327,28,0.7821600726931103,0.7814757099647245,0.6769134894166635,0.6746624024122205,0.8305084745762712,0.6705165194825261,0.6805922792173453,0.6185417711706424,0.8353794642857143,0.7416821775968219,76.84840000001714,7.085599999982151
84,logistic_regression_c1,logistic_regression,231,1,,,1.0,,325,92,0.6521739130434783,0.6462133775566611,0.6470726079746196,0.7058823529411765,0.7272727272727273,0.7164179104477612,33,0.6521739130434783,0.4838709677419355,0.5555555555555556,31,0.6,0.75,0.6666666666666666,28,0.7798130784126278,0.7795192580668543,0.6562680029368115,0.6539804592031505,0.8253723677452491,0.6278404133098571,0.6948704389212057,0.6334959778161301,0.8191964285714285,0.7074676176844474,107.56659999998419,6.605799999988449
84,logistic_regression_c10,logistic_regression,231,1,,,10.0,,325,92,0.6086956521739131,0.6069591212458287,0.6054810296464671,0.6551724137931034,0.5757575757575758,0.6129032258064516,33,0.5925925925925926,0.5161290322580645,0.5517241379310345,31,0.5833333333333334,0.75,0.65625,28,0.7773514953238094,0.7766289624533383,0.642812504653406,0.6402385752670707,0.8068823831535696,0.5997292955793078,0.7059756742464303,0.635684018595952,0.8191964285714285,0.6930241997849583,124.84320000004345,6.9102999999586245
84,logistic_regression_c1_balanced,logistic_regression,231,1,,,1.0,balanced,325,92,0.6521739130434783,0.6462857544451471,0.6465661065735316,0.6857142857142857,0.7272727272727273,0.7058823529411765,33,0.6521739130434783,0.4838709677419355,0.5555555555555556,31,0.6176470588235294,0.75,0.6774193548387096,28,0.780753458231178,0.7806923552889088,0.6569758786546313,0.6547790553568933,0.8263995891114535,0.6300245538488749,0.7028027498677948,0.6345255055335939,0.8130580357142857,0.7063775765814251,101.09829999998965,8.186899999998332
84,xgboost_depth2_10,xgboost,231,10,2,10,,,325,92,0.5108695652173914,0.5074448828172761,0.5076067605103485,0.65,0.3939393939393939,0.49056603773584906,33,0.46511627906976744,0.6451612903225806,0.5405405405405406,31,0.4827586206896552,0.5,0.49122807017543857,28,0.8127824925800177,0.813601533525315,0.6842445391310173,0.6853891768924554,0.8579866461222393,0.7529923195323718,0.7625594923320994,0.6047671298128618,0.8178013392857143,0.6949741680478183,225.22559999998748,5.345299999987674
84,xgboost_depth2_20,xgboost,231,20,2,20,,,325,92,0.5543478260869565,0.5546174281280413,0.5548592980397673,0.6666666666666666,0.48484848484848486,0.5614035087719298,33,0.5,0.6129032258064516,0.5507246376811594,31,0.5333333333333333,0.5714285714285714,0.5517241379310345,28,0.8185755210165273,0.8191822985249526,0.7035471065954093,0.7041546163529911,0.8608115048793016,0.7486253137312695,0.7667900581702802,0.6470470606014838,0.828125,0.7149689454534747,480.28909999999314,7.125700000017332
84,xgboost_depth3_20,xgboost,231,20,3,20,,,325,92,0.6304347826086957,0.6234929944607365,0.6304347826086957,0.7575757575757576,0.7575757575757576,0.7575757575757576,33,0.6129032258064516,0.6129032258064516,0.6129032258064516,31,0.5,0.5,0.5,28,0.8238764739328222,0.8262620787628205,0.7105035604305039,0.7133471408192422,0.8906009244992297,0.7844620168683465,0.7858276044420942,0.6744425982887424,0.7952008928571428,0.6726060661344226,686.7105000000038,4.502399999978479
126,gradient_boosting_depth3_20,gradient_boosting,231,20,3,20,,,339,78,0.7948717948717948,0.8057533863985477,0.7958707958707959,1.0,0.75,0.8571428571428571,16,0.7419354838709677,0.7419354838709677,0.7419354838709677,31,0.7714285714285715,0.8709677419354839,0.8181818181818182,31,0.8943534088309312,0.8846989775267057,0.8312408977728177,0.8166077782322393,0.9445564516129032,0.9073331193838254,0.8380233356211393,0.8108456611632402,0.9004804392587509,0.7755439127713875,1236.4971000000082,3.829499999994823
126,logistic_regression_c0_1,logistic_regression,231,1,,,0.1,,339,78,0.5897435897435898,0.5868332032266458,0.5897956324185832,0.5263157894736842,0.625,0.5714285714285714,16,0.5517241379310345,0.5161290322580645,0.5333333333333333,31,0.6666666666666666,0.6451612903225806,0.6557377049180327,31,0.7705974033401968,0.7623453531140559,0.6804410730651913,0.6807200856688067,0.813508064516129,0.6789902075263917,0.6739876458476322,0.5655995006716096,0.824296499656829,0.7967335109975728,55.11740000002874,5.009599999993952
126,logistic_regression_c1,logistic_regression,231,1,,,1.0,,339,78,0.6410256410256411,0.6468980877879184,0.6390900277471334,0.6875,0.6875,0.6875,16,0.6071428571428571,0.5483870967741935,0.576271186440678,31,0.6470588235294118,0.7096774193548387,0.676923076923077,31,0.7862402768245252,0.7709158263379265,0.7053926253749706,0.6958051628200155,0.8659274193548387,0.7552474306607371,0.6815374056280027,0.6110020263854663,0.8112560054907344,0.7499284190787083,85.50100000002203,4.620999999985997
126,logistic_regression_c10,logistic_regression,231,1,,,10.0,,339,78,0.6538461538461539,0.654936974789916,0.6486748545572075,0.6875,0.6875,0.6875,16,0.64,0.5161290322580645,0.5714285714285714,31,0.6486486486486487,0.7741935483870968,0.7058823529411765,31,0.7886496225120109,0.7739823662953381,0.6787211169787706,0.6709563705415522,0.8649193548387096,0.7190977984523066,0.7137954701441318,0.615256606098687,0.7872340425531914,0.7018089463853182,112.13939999998956,5.363199999976587
126,logistic_regression_c1_balanced,logistic_regression,231,1,,,1.0,balanced,339,78,0.6410256410256411,0.643479284369115,0.6390201723888165,0.6470588235294118,0.6875,0.6666666666666666,16,0.6071428571428571,0.5483870967741935,0.576271186440678,31,0.6666666666666666,0.7096774193548387,0.6875,31,0.7855539350263098,0.7700974957323619,0.7024246580310888,0.6922664325253871,0.8659274193548387,0.7552474306607371,0.6801647220315717,0.6074244700511393,0.8105696636925188,0.7446020733813897,85.3460999999811,4.668699999967885
126,xgboost_depth2_10,xgboost,231,10,2,10,,,339,78,0.7435897435897436,0.7585860603437754,0.7431776724446255,0.8666666666666667,0.8125,0.8387096774193549,16,0.6756756756756757,0.8064516129032258,0.7352941176470589,31,0.7692307692307693,0.6451612903225806,0.7017543859649122,31,0.8667281514527568,0.8595155130844905,0.79430061303239,0.8009906897739074,0.904233870967742,0.7595122139764997,0.8112560054907344,0.7812905858478676,0.8846945778997941,0.8420990392728027,179.68720000004623,3.572300000030282
126,xgboost_depth2_20,xgboost,231,20,2,20,,,339,78,0.717948717948718,0.7287638287638286,0.7173955673955674,0.7647058823529411,0.8125,0.7878787878787878,16,0.6875,0.7096774193548387,0.6984126984126984,31,0.7241379310344828,0.6774193548387096,0.7,31,0.8824782658430564,0.8742234658500959,0.8085876700855389,0.8074060472178494,0.9254032258064515,0.8147321089975237,0.8339052848318462,0.7835668401696596,0.8881262868908716,0.8274640610894333,307.3983000000453,3.707700000006753
126,xgboost_depth3_20,xgboost,231,20,3,20,,,339,78,0.7692307692307693,0.7917733401604369,0.7703401735659801,0.9333333333333333,0.875,0.9032258064516129,16,0.71875,0.7419354838709677,0.7301587301587301,31,0.7419354838709677,0.7419354838709677,0.7419354838709677,31,0.8815917410203614,0.8677384157823417,0.8220918482998627,0.8032981500984193,0.9536290322580645,0.9198190789473684,0.817433081674674,0.7558521800245237,0.873713109128346,0.7906042859276959,551.9521999999597,3.953199999955359
168,gradient_boosting_depth3_20,gradient_boosting,231,20,3,20,,,319,98,0.7346938775510204,0.7192841880341879,0.7400248560962847,0.9210526315789473,0.875,0.8974358974358975,40,0.5277777777777778,0.6785714285714286,0.59375,28,0.75,0.6,0.6666666666666666,30,0.9064635624364689,0.9151754297778225,0.8065598589351596,0.8273173966414558,0.9814655172413793,0.9729458351998727,0.8545918367346939,0.6213703926502101,0.8833333333333334,0.8253633489553959,1115.8224000000132,4.32100000000446
168,logistic_regression_c0_1,logistic_regression,231,1,,,0.1,,319,98,0.673469387755102,0.6686495352651723,0.6757746510304504,0.7714285714285715,0.675,0.72,40,0.5483870967741935,0.6071428571428571,0.576271186440678,28,0.6875,0.7333333333333333,0.7096774193548387,30,0.8335297912268356,0.8394013270332764,0.7551262124622151,0.764173056886557,0.8745689655172414,0.8157166420441857,0.7510204081632653,0.6147829835793147,0.875,0.834879011763145,55.76380000002246,5.679299999997056
168,logistic_regression_c1,logistic_regression,231,1,,,1.0,,319,98,0.6122448979591837,0.6108124253285543,0.6142930290395728,0.71875,0.575,0.6388888888888888,40,0.5294117647058824,0.6428571428571429,0.5806451612903226,28,0.59375,0.6333333333333333,0.6129032258064516,30,0.8129621963728019,0.8196931974760348,0.7076264588932123,0.7171792117853548,0.8655172413793104,0.7758570357566842,0.7459183673469387,0.5806944514955857,0.8274509803921568,0.7663278894273668,80.33089999997856,5.455999999981032
168,logistic_regression_c10,logistic_regression,231,1,,,10.0,,319,98,0.6326530612244898,0.6308182938319925,0.6341733562309465,0.7272727272727273,0.6,0.6575342465753424,40,0.5625,0.6428571428571429,0.6,28,0.6060606060606061,0.6666666666666666,0.6349206349206349,30,0.8113939253862466,0.8171871211538804,0.7037150167740213,0.7134950468151656,0.8590517241379311,0.7773031866853558,0.7658163265306124,0.5924343943146196,0.8093137254901961,0.7414074693220883,104.80050000001029,6.097399999987374
168,logistic_regression_c1_balanced,logistic_regression,231,1,,,1.0,balanced,319,98,0.6326530612244898,0.623015873015873,0.6326530612244898,0.7,0.7,0.7,40,0.5357142857142857,0.5357142857142857,0.5357142857142857,28,0.6333333333333333,0.6333333333333333,0.6333333333333333,30,0.8131463504942206,0.8194560582853833,0.7057158934595956,0.7148561337821174,0.8616379310344828,0.7704136799852338,0.7464285714285716,0.5813330502842179,0.8313725490196078,0.7654009501093352,99.19700000000375,9.909499999992022
168,xgboost_depth2_10,xgboost,231,10,2,10,,,319,98,0.7755102040816326,0.7597995873857943,0.777892058680236,0.9473684210526315,0.9,0.9230769230769231,40,0.6666666666666666,0.7142857142857143,0.6896551724137931,28,0.6666666666666666,0.6666666666666666,0.6666666666666666,30,0.9024420687815357,0.9095006475496603,0.8132623699147811,0.8263273053482619,0.9616379310344828,0.927759991345363,0.8525510204081633,0.7455686408271345,0.8931372549019608,0.7664584775718457,185.42869999998857,4.303999999990538
168,xgboost_depth2_20,xgboost,231,20,2,20,,,319,98,0.7857142857142857,0.7680053607548899,0.7846851232646229,0.9024390243902439,0.925,0.9135802469135802,40,0.6785714285714286,0.6785714285714286,0.6785714285714286,28,0.7241379310344828,0.7,0.711864406779661,30,0.9206530313274736,0.9273502504450055,0.8396305342694933,0.8540126387850506,0.9771551724137931,0.9672408582195351,0.875,0.7729590327573964,0.9098039215686274,0.7786917118315485,297.5089000000253,4.971599999976206
168,xgboost_depth3_20,xgboost,231,20,3,20,,,319,98,0.8061224489795918,0.7949020626848311,0.8085281107505922,0.9230769230769231,0.9,0.9113924050632911,40,0.6470588235294118,0.7857142857142857,0.7096774193548387,28,0.84,0.7,0.7636363636363637,30,0.9361689503387561,0.9410870259433822,0.8841269311874113,0.8944536338994103,0.9767241379310344,0.9685670787531291,0.8979591836734694,0.8003192361280423,0.9338235294117647,0.8834944786810622,533.6965999999848,6.505899999979192
210,gradient_boosting_depth3_20,gradient_boosting,231,20,3,20,,,338,79,0.569620253164557,0.5643557239601784,0.571397431465551,0.5,0.5625,0.5294117647058824,16,0.5277777777777778,0.6129032258064516,0.5671641791044776,31,0.68,0.53125,0.5964912280701754,32,0.7693948299215974,0.7507120520351063,0.6659170631946593,0.6670957527491475,0.8650793650793651,0.6620605306219821,0.7143817204301075,0.6345051095529266,0.7287234042553192,0.701185549409069,1197.838700000034,3.8255999999705637
210,logistic_regression_c0_1,logistic_regression,231,1,,,0.1,,338,79,0.5316455696202531,0.5089126559714795,0.5295945305625127,0.3684210526315789,0.4375,0.4,16,0.5675675675675675,0.6774193548387096,0.6176470588235294,31,0.6086956521739131,0.4375,0.509090909090909,32,0.6952543686200171,0.6946723545329794,0.5809647031346631,0.5995117695072515,0.6964285714285714,0.4852971413373089,0.7224462365591398,0.6464274484578487,0.6668882978723405,0.6111695196088318,60.58330000001888,4.733199999975568
210,logistic_regression_c1,logistic_regression,231,1,,,1.0,,338,79,0.4936708860759494,0.4985883681535856,0.4888034365194519,0.5294117647058824,0.5625,0.5454545454545454,16,0.47368421052631576,0.5806451612903226,0.5217391304347826,31,0.5,0.375,0.42857142857142855,32,0.6804923458363747,0.6711855920211698,0.541863054485659,0.5494100271320023,0.7271825396825398,0.5035585712251694,0.6686827956989247,0.5585239475923783,0.6456117021276596,0.5635066446394291,79.34239999997317,4.954100000020389
210,logistic_regression_c10,logistic_regression,231,1,,,10.0,,338,79,0.46835443037974683,0.470951654913919,0.4551431438820978,0.5294117647058824,0.5625,0.5454545454545454,16,0.4634146341463415,0.6129032258064516,0.5277777777777778,31,0.42857142857142855,0.28125,0.33962264150943394,32,0.6561206300181935,0.6421445564490272,0.5157883800332086,0.5162083896307247,0.7261904761904762,0.5142191471606968,0.6391129032258065,0.5077153477896277,0.603058510638298,0.5254306451493013,105.12849999997798,5.2076999999712825
210,logistic_regression_c1_balanced,logistic_regression,231,1,,,1.0,balanced,338,79,0.5063291139240507,0.5055000129168927,0.5000846628740053,0.5,0.5625,0.5294117647058824,16,0.5,0.6129032258064516,0.5507246376811594,31,0.5217391304347826,0.375,0.43636363636363634,32,0.6809297071608328,0.6713237274441153,0.54112360965322,0.5478063825934791,0.7291666666666667,0.5074648212251694,0.668010752688172,0.5517251622215562,0.6456117021276596,0.5641808455129343,81.60750000001826,4.855099999986123
210,xgboost_depth2_10,xgboost,231,10,2,10,,,338,79,0.4936708860759494,0.478868258178603,0.4938924890037942,0.3684210526315789,0.4375,0.4,16,0.5294117647058824,0.5806451612903226,0.5538461538461539,31,0.5384615384615384,0.4375,0.4827586206896552,32,0.7149749498861544,0.6988180203403742,0.6117455264717359,0.6214215551458518,0.7961309523809523,0.5612053008337838,0.6928763440860215,0.6559828714238057,0.6559175531914894,0.618048407157618,178.903900000023,3.6149999999679494
210,xgboost_depth2_20,xgboost,231,20,2,20,,,338,79,0.5316455696202531,0.5190210563344891,0.5335157736442452,0.4,0.5,0.4444444444444444,16,0.5277777777777778,0.6129032258064516,0.5671641791044776,31,0.6521739130434783,0.46875,0.5454545454545454,32,0.7459509465343371,0.7295075966467025,0.626416550036974,0.6362726218750107,0.8293650793650794,0.5765440361679217,0.7103494623655914,0.6457470967369171,0.6981382978723405,0.6569585172060832,309.37810000000354,3.663399999993544
210,xgboost_depth3_20,xgboost,231,20,3,20,,,338,79,0.5569620253164557,0.534677402831561,0.5586675287550836,0.3888888888888889,0.4375,0.4117647058823529,16,0.5714285714285714,0.6451612903225806,0.6060606060606061,31,0.6538461538461539,0.53125,0.5862068965517241,32,0.7706724152331565,0.7547489729350758,0.6496952415439204,0.6617563176045846,0.8521825396825397,0.5895626011292393,0.7244623655913978,0.6589924793863424,0.7353723404255319,0.7005306441161796,534.3240000000264,3.869699999995646
336,gradient_boosting_depth3_20,gradient_boosting,231,20,3,20,,,343,74,0.6486486486486487,0.6477696078431373,0.6479898648648649,0.6470588235294118,0.6470588235294118,0.6470588235294118,17,0.7272727272727273,0.5714285714285714,0.64,28,0.6,0.7241379310344828,0.65625,29,0.7831820814984418,0.7706355096515278,0.6592053743376122,0.6738640499504688,0.8658410732714138,0.5665488356755886,0.7197204968944099,0.6863418429304982,0.7639846743295019,0.7247254444067497,1245.4376999999681,3.7361999999916407
336,logistic_regression_c0_1,logistic_regression,231,1,,,0.1,,343,74,0.6351351351351351,0.6274018379281537,0.6368962947910316,0.5555555555555556,0.5882352941176471,0.5714285714285714,17,0.5862068965517241,0.6071428571428571,0.5964912280701754,28,0.7407407407407407,0.6896551724137931,0.7142857142857143,29,0.7776186492728376,0.7784553432150686,0.6485283302816095,0.6692054581812691,0.7770897832817337,0.523336153480046,0.7220496894409939,0.6207269873255672,0.8337164750957854,0.8015218500392154,64.56249999996544,4.486399999962032
336,logistic_regression_c1,logistic_regression,231,1,,,1.0,,343,74,0.6081081081081081,0.6066397566397567,0.6085862275051465,0.55,0.6470588235294118,0.5945945945945946,17,0.6071428571428571,0.6071428571428571,0.6071428571428571,28,0.6538461538461539,0.5862068965517241,0.6181818181818182,29,0.7708836279191967,0.7640319953821099,0.615518181102947,0.6318086749737799,0.8183694530443757,0.5205668553819736,0.7080745341614907,0.5494375433129864,0.7862068965517242,0.7765501446138809,79.27530000000615,5.627300000014657
336,logistic_regression_c10,logistic_regression,231,1,,,10.0,,343,74,0.6081081081081081,0.6104497128887373,0.6069939289451485,0.5416666666666666,0.7647058823529411,0.6341463414634146,17,0.5925925925925926,0.5714285714285714,0.5818181818181818,28,0.6956521739130435,0.5517241379310345,0.6153846153846154,29,0.7656886647098583,0.751974285498313,0.6058197491508513,0.6168721195955074,0.8575851393188854,0.5460055617267419,0.6777950310559006,0.5057145853356175,0.7616858237547893,0.7657391003901945,107.54630000002408,4.74819999999454
336,logistic_regression_c1_balanced,logistic_regression,231,1,,,1.0,balanced,343,74,0.6081081081081081,0.6073184676958262,0.6083584442075007,0.5217391304347826,0.7058823529411765,0.6,17,0.6296296296296297,0.6071428571428571,0.6181818181818182,28,0.6666666666666666,0.5517241379310345,0.6037735849056604,29,0.7708735139285731,0.7640515801843033,0.620669642232132,0.6376687120778908,0.8183694530443757,0.5205668553819736,0.7057453416149069,0.5639719158478849,0.7885057471264368,0.7774701554665375,74.69700000001467,5.197599999974045
336,xgboost_depth2_10,xgboost,231,10,2,10,,,343,74,0.527027027027027,0.5226418925779267,0.5262058433700224,0.5333333333333333,0.47058823529411764,0.5,17,0.6190476190476191,0.4642857142857143,0.5306122448979592,28,0.47368421052631576,0.6206896551724138,0.5373134328358209,29,0.737994514156259,0.7219928738807457,0.5781163271984932,0.5918047047158239,0.8410732714138287,0.4911944397194399,0.6851708074534162,0.6082390406646624,0.6877394636015326,0.6349155012113774,179.38589999999976,3.4967999999935273
336,xgboost_depth2_20,xgboost,231,20,2,20,,,343,74,0.581081081081081,0.5693860059217704,0.5778337945238367,0.5714285714285714,0.47058823529411764,0.5161290322580645,17,0.7,0.5,0.5833333333333334,28,0.525,0.7241379310344828,0.6086956521739131,29,0.7533076365645375,0.7394568481525002,0.6115591044348445,0.6276547520524376,0.8431372549019608,0.5079400988570539,0.7003105590062111,0.6639092476664384,0.7164750957854406,0.662827966781041,306.6429000000426,4.711900000017977
336,xgboost_depth3_20,xgboost,231,20,3,20,,,343,74,0.6756756756756757,0.674695340501792,0.6759256030223771,0.631578947368421,0.7058823529411765,0.6666666666666666,17,0.7727272727272727,0.6071428571428571,0.68,28,0.6363636363636364,0.7241379310344828,0.6774193548387096,29,0.7593286082154264,0.7481775826169419,0.6221369424081797,0.6366274852243141,0.8328173374613003,0.5282103958057072,0.702639751552795,0.6769553332439168,0.7425287356321838,0.6612450981749155,576.0480000000143,3.7750000000187356
512,gradient_boosting_depth3_20,gradient_boosting,231,20,3,20,,,320,97,0.8247422680412371,0.8134877027734171,0.8189172020909871,0.813953488372093,0.9459459459459459,0.875,37,0.7941176470588235,0.8709677419354839,0.8307692307692308,31,0.9,0.6206896551724138,0.7346938775510204,29,0.9433895814285792,0.9458156458459673,0.9021398030818074,0.9063546718619407,0.9761261261261261,0.9600833429087376,0.9301075268817205,0.8747867796105486,0.9239350912778905,0.871549286726136,1126.6855000000078,4.073300000015934
512,logistic_regression_c0_1,logistic_regression,231,1,,,0.1,,320,97,0.6288659793814433,0.630335471951204,0.635297879476822,0.7575757575757576,0.6756756756756757,0.7142857142857143,37,0.475,0.6129032258064516,0.5352112676056338,31,0.7083333333333334,0.5862068965517241,0.6415094339622641,29,0.7853526109431362,0.7879063527941635,0.6688926143270195,0.6701896344287284,0.831081081081081,0.711570471842365,0.7262952101661779,0.5610866591985181,0.7986815415821501,0.7340207119401755,56.25109999999722,6.051500000012311
512,logistic_regression_c1,logistic_regression,231,1,,,1.0,,320,97,0.6804123711340206,0.68003108003108,0.6832287986927162,0.8275862068965517,0.6486486486486487,0.7272727272727273,37,0.6176470588235294,0.6774193548387096,0.6461538461538462,31,0.6176470588235294,0.7241379310344828,0.6666666666666666,29,0.8043307492891998,0.8081739162394105,0.6851426881558108,0.6882405368436371,0.8711711711711713,0.7523689004390844,0.7233626588465298,0.5664835003822871,0.8184584178498986,0.736575663646061,78.7679999999682,5.604099999970913
512,logistic_regression_c10,logistic_regression,231,1,,,10.0,,320,97,0.7216494845360825,0.7198551047152782,0.7253338604848214,0.8709677419354839,0.7297297297297297,0.7941176470588235,37,0.7,0.6774193548387096,0.6885245901639344,31,0.6111111111111112,0.7586206896551724,0.676923076923077,29,0.8187220454052883,0.8233125677637503,0.7041552026122725,0.7075767993519284,0.8950450450450451,0.7758505689758984,0.7360703812316716,0.583321179031082,0.825050709939148,0.7532938598298372,108.12479999998459,5.976099999998041
512,logistic_regression_c1_balanced,logistic_regression,231,1,,,1.0,balanced,320,97,0.7010309278350515,0.6979443143377569,0.703359971671616,0.8181818181818182,0.7297297297297297,0.7714285714285715,37,0.65625,0.6774193548387096,0.6666666666666666,31,0.625,0.6896551724137931,0.6557377049180327,29,0.8050207354630571,0.8087518606317877,0.6846268554601851,0.6875991118573015,0.8698198198198198,0.7498513551886696,0.7267839687194526,0.5678832918063952,0.8184584178498986,0.7361459193854903,81.508499999984,6.407899999999245
512,xgboost_depth2_10,xgboost,231,10,2,10,,,320,97,0.7835051546391752,0.7707502374169041,0.775621934384821,0.75,0.8918918918918919,0.8148148148148148,37,0.7941176470588235,0.8709677419354839,0.8307692307692308,31,0.8421052631578947,0.5517241379310345,0.6666666666666666,29,0.8924356403598045,0.8967064520278588,0.8387514974991798,0.8455678303024954,0.9412162162162163,0.9191013017464241,0.9044477028347996,0.8479444214710095,0.8316430020283976,0.7492087692801058,180.5348000000322,4.180700000006254
512,xgboost_depth2_20,xgboost,231,20,2,20,,,320,97,0.8041237113402062,0.7861750030424729,0.7921771434378564,0.7608695652173914,0.9459459459459459,0.8433734939759037,37,0.8,0.9032258064516129,0.8484848484848485,31,0.9375,0.5172413793103449,0.6666666666666666,29,0.9171269149741962,0.9207655695830348,0.8617392077231075,0.8679790824759178,0.960810810810811,0.9444788775045229,0.9188660801564028,0.8334144541087404,0.8717038539553752,0.8073242915560594,301.49740000001657,4.429899999990994
512,xgboost_depth3_20,xgboost,231,20,3,20,,,320,97,0.8041237113402062,0.7901916939615351,0.7967552332120323,0.7954545454545454,0.9459459459459459,0.8641975308641975,37,0.7878787878787878,0.8387096774193549,0.8125,31,0.85,0.5862068965517241,0.6938775510204082,29,0.929386484984208,0.9322197107521546,0.8718881061735472,0.8779048618192943,0.9644144144144144,0.9475565935852179,0.9266862170087976,0.8610268053455968,0.8970588235294117,0.807080919589827,601.4525999999591,4.517799999973704
