selected_by_policy,model_name,family,top_k,top_k_sort,parameters_json,accuracy_mean,macro_f1_mean,weighted_f1_mean,roc_auc_ovr_macro_mean,roc_auc_ovr_weighted_mean,average_precision_macro_mean,average_precision_weighted_mean,empty_f1_mean,static_presence_f1_mean,movement_f1_mean,fit_time_ms_mean,prediction_time_ms_mean,prediction_time_us_per_window_mean,actual_tree_count_mean,actual_node_count_mean,actual_max_depth_mean,used_feature_count_mean,mean_comparisons_per_prediction_mean,selected_feature_count_mean,selected_subcarrier_count_mean,train_windows_mean,test_windows_mean,accuracy_std,macro_f1_std,weighted_f1_std,roc_auc_ovr_macro_std,roc_auc_ovr_weighted_std,average_precision_macro_std,average_precision_weighted_std,empty_f1_std,static_presence_f1_std,movement_f1_std,fit_time_ms_std,prediction_time_ms_std,prediction_time_us_per_window_std,actual_tree_count_std,actual_node_count_std,actual_max_depth_std,used_feature_count_std,mean_comparisons_per_prediction_std,selected_feature_count_std,selected_subcarrier_count_std,train_windows_std,test_windows_std
True,random_forest_20_topall,random_forest,all,1100,"{""class_weight"": ""balanced"", ""max_depth"": 8, ""min_samples_split"": 5, ""n_estimators"": 20}",0.8966535433070866,0.8961947211058058,0.8961218437690615,0.9549832183464173,0.9549475025732599,0.911694799180513,0.9116163570218162,0.8769017980636238,0.8414442700156985,0.9702380952380952,1964.2101999997976,11.599599998589838,11.416929132470313,20.0,3638.0,8.0,810.0,154.918,1100.0,100.0,4023.0,1016.0,0.0,0.0,0.0,0.0,0.0,0.0,0.0,0.0,0.0,0.0,0.0,0.0,0.0,0.0,0.0,0.0,0.0,0.0,0.0,0.0,0.0,0.0
False,random_forest_10_topall,random_forest,all,1100,"{""class_weight"": ""balanced"", ""max_depth"": 8, ""min_samples_split"": 5, ""n_estimators"": 10}",0.8848425196850394,0.8841652336561379,0.8840922335580305,0.9541821960000506,0.9541457240313295,0.9111694552652718,0.911091636355125,0.8689655172413793,0.8251968503937008,0.9583333333333334,1010.1078000006964,9.45290000163368,9.304035434678818,10.0,1814.0,8.0,555.0,77.878,1100.0,100.0,4023.0,1016.0,0.0,0.0,0.0,0.0,0.0,0.0,0.0,0.0,0.0,0.0,0.0,0.0,0.0,0.0,0.0,0.0,0.0,0.0,0.0,0.0,0.0,0.0
False,extra_trees_20_topall,extra_trees,all,1100,"{""class_weight"": ""balanced"", ""max_depth"": 8, ""min_samples_split"": 5, ""n_estimators"": 20}",0.8848425196850394,0.8837997172429325,0.8837203944337281,0.9504321451118528,0.950391818939392,0.8988569669660498,0.8987697615854852,0.8629032258064516,0.8241042345276873,0.9643916913946587,321.3446000008844,11.24329999947804,11.066240156966575,20.0,3644.0,8.0,775.0,154.824,1100.0,100.0,4023.0,1016.0,0.0,0.0,0.0,0.0,0.0,0.0,0.0,0.0,0.0,0.0,0.0,0.0,0.0,0.0,0.0,0.0,0.0,0.0,0.0,0.0,0.0,0.0
False,gradient_boosting_depth2_30_topall,gradient_boosting,all,1100,"{""learning_rate"": 0.1, ""max_depth"": 2, ""n_estimators"": 30}",0.8818897637795275,0.8806255352714092,0.8805458965644535,0.9583718684937071,0.9583376991520979,0.9164837439810981,0.9164123154138096,0.8669410150891632,0.8133971291866029,0.9615384615384616,86519.71000000049,10.828200000105426,10.657677165458097,90.0,630.0,2.0,110.0,180.0,1100.0,100.0,4023.0,1016.0,0.0,0.0,0.0,0.0,0.0,0.0,0.0,0.0,0.0,0.0,0.0,0.0,0.0,0.0,0.0,0.0,0.0,0.0,0.0,0.0,0.0,0.0
False,random_forest_5_topall,random_forest,all,1100,"{""class_weight"": ""balanced"", ""max_depth"": 8, ""min_samples_split"": 5, ""n_estimators"": 5}",0.8809055118110236,0.8797562251440926,0.879685851803542,0.9449936330560313,0.9449507543362873,0.8911041129720889,0.8910102639015678,0.8689655172413793,0.819047619047619,0.9512555391432792,493.63150000135647,4.48569999934989,4.415059054478238,5.0,925.0,8.0,350.0,38.872,1100.0,100.0,4023.0,1016.0,0.0,0.0,0.0,0.0,0.0,0.0,0.0,0.0,0.0,0.0,0.0,0.0,0.0,0.0,0.0,0.0,0.0,0.0,0.0,0.0,0.0,0.0
False,gradient_boosting_depth3_20_topall,gradient_boosting,all,1100,"{""learning_rate"": 0.1, ""max_depth"": 3, ""n_estimators"": 20}",0.8799212598425197,0.8783907397135917,0.8783159819530266,0.9545641872853784,0.954528078407429,0.9070764749262735,0.9069961586907155,0.8693259972489684,0.8115015974440895,0.9543446244477173,84586.55980000185,11.712200001056772,11.52775590655194,60.0,900.0,3.0,170.0,180.0,1100.0,100.0,4023.0,1016.0,0.0,0.0,0.0,0.0,0.0,0.0,0.0,0.0,0.0,0.0,0.0,0.0,0.0,0.0,0.0,0.0,0.0,0.0,0.0,0.0,0.0,0.0
False,extra_trees_10_topall,extra_trees,all,1100,"{""class_weight"": ""balanced"", ""max_depth"": 8, ""min_samples_split"": 5, ""n_estimators"": 10}",0.8779527559055118,0.876464649403061,0.8763910363226081,0.9467185936412582,0.9466769746306647,0.8901673643221386,0.8900758241481181,0.8617449664429531,0.8163934426229508,0.9512555391432792,162.18010000011418,7.905200000095647,7.780708661511463,10.0,1826.0,8.0,554.0,77.384,1100.0,100.0,4023.0,1016.0,0.0,0.0,0.0,0.0,0.0,0.0,0.0,0.0,0.0,0.0,0.0,0.0,0.0,0.0,0.0,0.0,0.0,0.0,0.0,0.0,0.0,0.0
False,random_forest_10_top160,random_forest,160,160,"{""class_weight"": ""balanced"", ""max_depth"": 8, ""min_samples_split"": 5, ""n_estimators"": 10}",0.8759842519685039,0.8744303513365098,0.8743413955955376,0.9487236799515523,0.9486810730709059,0.8932450542836241,0.8931515651670591,0.8539944903581267,0.8044871794871795,0.9648093841642229,364.1846999998961,5.504500000824919,5.41781496144185,10.0,1636.0,8.0,153.0,76.546,160.0,100.0,4023.0,1016.0,0.0,0.0,0.0,0.0,0.0,0.0,0.0,0.0,0.0,0.0,0.0,0.0,0.0,0.0,0.0,0.0,0.0,0.0,0.0,0.0,0.0,0.0
False,random_forest_20_top160,random_forest,160,160,"{""class_weight"": ""balanced"", ""max_depth"": 8, ""min_samples_split"": 5, ""n_estimators"": 20}",0.8759842519685039,0.8741965545191527,0.8741087590226986,0.9532897242210745,0.9532508491217293,0.9047153088222383,0.904632007961053,0.8559670781893004,0.8032258064516129,0.9633967789165446,748.3662999984517,9.73349999912898,9.580216534575769,20.0,3272.0,8.0,160.0,153.34,160.0,100.0,4023.0,1016.0,0.0,0.0,0.0,0.0,0.0,0.0,0.0,0.0,0.0,0.0,0.0,0.0,0.0,0.0,0.0,0.0,0.0,0.0,0.0,0.0,0.0,0.0
False,gradient_boosting_depth2_20_topall,gradient_boosting,all,1100,"{""learning_rate"": 0.1, ""max_depth"": 2, ""n_estimators"": 20}",0.875,0.8734626382148457,0.8733802550254498,0.9552524165910316,0.9552174146008967,0.9121852931706081,0.9121121797113124,0.860655737704918,0.8025682182985554,0.9571639586410635,68758.95239999954,14.351900001202011,14.125885827954736,60.0,420.0,2.0,80.0,120.0,1100.0,100.0,4023.0,1016.0,0.0,0.0,0.0,0.0,0.0,0.0,0.0,0.0,0.0,0.0,0.0,0.0,0.0,0.0,0.0,0.0,0.0,0.0,0.0,0.0,0.0,0.0
False,random_forest_20_top100,random_forest,100,100,"{""class_weight"": ""balanced"", ""max_depth"": 8, ""min_samples_split"": 5, ""n_estimators"": 20}",0.8730314960629921,0.8713779668349311,0.8712846123357212,0.9493466526901484,0.9493034327583799,0.8936113541550726,0.8935181835059613,0.850480109739369,0.797427652733119,0.9662261380323054,640.6594000000041,8.97859999895445,8.837204723380365,20.0,3256.0,8.0,100.0,153.986,100.0,100.0,4023.0,1016.0,0.0,0.0,0.0,0.0,0.0,0.0,0.0,0.0,0.0,0.0,0.0,0.0,0.0,0.0,0.0,0.0,0.0,0.0,0.0,0.0,0.0,0.0
False,random_forest_3_topall,random_forest,all,1100,"{""class_weight"": ""balanced"", ""max_depth"": 8, ""min_samples_split"": 5, ""n_estimators"": 3}",0.8710629921259843,0.8708704250476872,0.8708012261839663,0.937480157685047,0.937435967634067,0.8700397795332773,0.8699451851051443,0.8659217877094972,0.8055130168453293,0.9411764705882353,299.6095999988029,4.32129999899189,4.253248030503829,3.0,573.0,8.0,242.0,23.402,1100.0,100.0,4023.0,1016.0,0.0,0.0,0.0,0.0,0.0,0.0,0.0,0.0,0.0,0.0,0.0,0.0,0.0,0.0,0.0,0.0,0.0,0.0,0.0,0.0,0.0,0.0
False,random_forest_5_top126,random_forest,126,126,"{""class_weight"": ""balanced"", ""max_depth"": 8, ""min_samples_split"": 5, ""n_estimators"": 5}",0.8710629921259843,0.869020502232479,0.8689301555101353,0.9433603679113792,0.943310126390539,0.8793312384280512,0.8792233823145225,0.8488210818307905,0.797427652733119,0.9608127721335269,208.31420000104117,4.896700000244891,4.819586614414263,5.0,817.0,8.0,118.0,38.282,126.0,100.0,4023.0,1016.0,0.0,0.0,0.0,0.0,0.0,0.0,0.0,0.0,0.0,0.0,0.0,0.0,0.0,0.0,0.0,0.0,0.0,0.0,0.0,0.0,0.0,0.0
False,gradient_boosting_depth2_30_top126,gradient_boosting,126,126,"{""learning_rate"": 0.1, ""max_depth"": 2, ""n_estimators"": 30}",0.8681102362204725,0.8656978540205541,0.8656161043783664,0.9548140303967528,0.9547752081946607,0.9065869984061794,0.9065052505097738,0.860655737704918,0.7876823338735819,0.9487554904831625,10048.582100000203,4.440300002897857,4.370374018600253,90.0,630.0,2.0,49.0,180.0,126.0,100.0,4023.0,1016.0,0.0,0.0,0.0,0.0,0.0,0.0,0.0,0.0,0.0,0.0,0.0,0.0,0.0,0.0,0.0,0.0,0.0,0.0,0.0,0.0,0.0,0.0
False,gradient_boosting_depth3_20_top126,gradient_boosting,126,126,"{""learning_rate"": 0.1, ""max_depth"": 3, ""n_estimators"": 20}",0.8671259842519685,0.8648974748091889,0.8648119164010106,0.9526570218137347,0.9526164244640791,0.9004668671303393,0.9003787616522096,0.8532235939643347,0.7896440129449838,0.9518248175182482,9750.205899999855,4.334100001869956,4.265846458533422,60.0,900.0,3.0,77.0,180.0,126.0,100.0,4023.0,1016.0,0.0,0.0,0.0,0.0,0.0,0.0,0.0,0.0,0.0,0.0,0.0,0.0,0.0,0.0,0.0,0.0,0.0,0.0,0.0,0.0,0.0,0.0
False,gradient_boosting_depth3_20_top160,gradient_boosting,160,160,"{""learning_rate"": 0.1, ""max_depth"": 3, ""n_estimators"": 20}",0.8671259842519685,0.8648134361864926,0.8647249213347594,0.9534698536167094,0.9534310956805293,0.9075185244634976,0.9074402791863388,0.8501362397820164,0.7895595432300163,0.9547445255474453,12466.452100001334,4.559499997412786,4.48769684784723,60.0,900.0,3.0,89.0,180.0,160.0,100.0,4023.0,1016.0,0.0,0.0,0.0,0.0,0.0,0.0,0.0,0.0,0.0,0.0,0.0,0.0,0.0,0.0,0.0,0.0,0.0,0.0,0.0,0.0,0.0,0.0
False,random_forest_20_top126,random_forest,126,126,"{""class_weight"": ""balanced"", ""max_depth"": 8, ""min_samples_split"": 5, ""n_estimators"": 20}",0.8661417322834646,0.8640034917370484,0.8639098104558157,0.9530012009227966,0.9529610282314597,0.8999401144539788,0.8998508834402988,0.8457300275482094,0.7870967741935484,0.9591836734693877,697.2824000004039,9.595100000296952,9.443996063284402,20.0,3178.0,8.0,126.0,153.1,126.0,100.0,4023.0,1016.0,0.0,0.0,0.0,0.0,0.0,0.0,0.0,0.0,0.0,0.0,0.0,0.0,0.0,0.0,0.0,0.0,0.0,0.0,0.0,0.0,0.0,0.0
False,gradient_boosting_depth2_30_top160,gradient_boosting,160,160,"{""learning_rate"": 0.1, ""max_depth"": 2, ""n_estimators"": 30}",0.8651574803149606,0.8630526446989094,0.862962790388133,0.9515851210635491,0.9515435073481792,0.9029909864107704,0.9029072124911494,0.8497970230040596,0.7850162866449512,0.9543446244477173,12645.067400000698,7.573000002594199,7.453740160033661,90.0,630.0,2.0,60.0,180.0,160.0,100.0,4023.0,1016.0,0.0,0.0,0.0,0.0,0.0,0.0,0.0,0.0,0.0,0.0,0.0,0.0,0.0,0.0,0.0,0.0,0.0,0.0,0.0,0.0,0.0,0.0
False,random_forest_10_top126,random_forest,126,126,"{""class_weight"": ""balanced"", ""max_depth"": 8, ""min_samples_split"": 5, ""n_estimators"": 10}",0.8641732283464567,0.8621763894497936,0.8620795316228683,0.9493137005140366,0.9492695419108479,0.8920692242313447,0.8919725214472571,0.8413793103448276,0.7845659163987139,0.9605839416058394,337.03830000013113,5.270899997412926,5.187893698241068,10.0,1678.0,8.0,126.0,76.84,126.0,100.0,4023.0,1016.0,0.0,0.0,0.0,0.0,0.0,0.0,0.0,0.0,0.0,0.0,0.0,0.0,0.0,0.0,0.0,0.0,0.0,0.0,0.0,0.0,0.0,0.0
False,extra_trees_20_top126,extra_trees,126,126,"{""class_weight"": ""balanced"", ""max_depth"": 8, ""min_samples_split"": 5, ""n_estimators"": 20}",0.8651574803149606,0.8615541770411704,0.861461080413379,0.9487897486671762,0.9487472390270507,0.8934931608837152,0.8934028294727601,0.8541114058355438,0.7744107744107744,0.956140350877193,126.61630000002333,9.741300000314368,9.587893701096819,20.0,3548.0,8.0,126.0,156.882,126.0,100.0,4023.0,1016.0,0.0,0.0,0.0,0.0,0.0,0.0,0.0,0.0,0.0,0.0,0.0,0.0,0.0,0.0,0.0,0.0,0.0,0.0,0.0,0.0,0.0,0.0
False,gradient_boosting_depth2_20_top126,gradient_boosting,126,126,"{""learning_rate"": 0.1, ""max_depth"": 2, ""n_estimators"": 20}",0.8641732283464567,0.861164358599118,0.8610781468551376,0.9508002965691552,0.9507589519183889,0.8995573919802381,0.899470965025704,0.8571428571428571,0.7775947281713345,0.9487554904831625,8682.82790000012,5.771599997387966,5.680708658846424,60.0,420.0,2.0,40.0,120.0,126.0,100.0,4023.0,1016.0,0.0,0.0,0.0,0.0,0.0,0.0,0.0,0.0,0.0,0.0,0.0,0.0,0.0,0.0,0.0,0.0,0.0,0.0,0.0,0.0,0.0,0.0
False,gradient_boosting_depth2_30_top100,gradient_boosting,100,100,"{""learning_rate"": 0.1, ""max_depth"": 2, ""n_estimators"": 30}",0.8622047244094488,0.8600883016136277,0.8599981486150486,0.9497475232068444,0.9497046892427357,0.8928205848962869,0.8927276000558896,0.8484848484848485,0.7800963081861958,0.9516837481698389,8148.913099998026,4.191500000160886,4.125492126142604,90.0,630.0,2.0,43.0,180.0,100.0,100.0,4023.0,1016.0,0.0,0.0,0.0,0.0,0.0,0.0,0.0,0.0,0.0,0.0,0.0,0.0,0.0,0.0,0.0,0.0,0.0,0.0,0.0,0.0,0.0,0.0
False,gradient_boosting_depth2_20_top160,gradient_boosting,160,160,"{""learning_rate"": 0.1, ""max_depth"": 2, ""n_estimators"": 20}",0.8622047244094488,0.8595916514661309,0.8594954915438066,0.9527886435950986,0.9527492710111934,0.9093728864490013,0.909296740170212,0.8471849865951743,0.7742998352553542,0.9572901325478645,10786.276499999076,5.115300002216827,5.034744096670106,60.0,420.0,2.0,52.0,120.0,160.0,100.0,4023.0,1016.0,0.0,0.0,0.0,0.0,0.0,0.0,0.0,0.0,0.0,0.0,0.0,0.0,0.0,0.0,0.0,0.0,0.0,0.0,0.0,0.0,0.0,0.0
False,gradient_boosting_depth3_10_topall,gradient_boosting,all,1100,"{""learning_rate"": 0.1, ""max_depth"": 3, ""n_estimators"": 10}",0.8622047244094488,0.8594052155614541,0.8593242256534446,0.9543722817355237,0.9543363576363453,0.9078572396869627,0.9077797214140014,0.8567530695770805,0.7797716150081566,0.9416909620991254,42583.551499999885,10.165700001380173,10.00561023757891,30.0,450.0,3.0,98.0,90.0,1100.0,100.0,4023.0,1016.0,0.0,0.0,0.0,0.0,0.0,0.0,0.0,0.0,0.0,0.0,0.0,0.0,0.0,0.0,0.0,0.0,0.0,0.0,0.0,0.0,0.0,0.0
False,extra_trees_5_topall,extra_trees,all,1100,"{""class_weight"": ""balanced"", ""max_depth"": 8, ""min_samples_split"": 5, ""n_estimators"": 5}",0.860236220472441,0.8583796093518963,0.8583125255701223,0.9436616320588677,0.943622072289656,0.8933019198892311,0.8932221528978507,0.8590425531914894,0.7895595432300163,0.9265367316341829,100.9905000028084,4.741300002933713,4.666633861155229,5.0,923.0,8.0,352.0,38.774,1100.0,100.0,4023.0,1016.0,0.0,0.0,0.0,0.0,0.0,0.0,0.0,0.0,0.0,0.0,0.0,0.0,0.0,0.0,0.0,0.0,0.0,0.0,0.0,0.0,0.0,0.0
False,tree_depth6_top160,decision_tree,160,160,"{""class_weight"": ""balanced"", ""max_depth"": 6, ""min_samples_split"": 5}",0.859251968503937,0.8583037554281746,0.858250006257422,0.9084524778914899,0.9084140319336399,0.8300271597208887,0.8299489140187747,0.8706536856745479,0.7913446676970634,0.9129129129129129,557.1133999983431,0.9991000006266404,0.9833661423490555,1.0,75.0,6.0,31.0,5.952,160.0,100.0,4023.0,1016.0,0.0,0.0,0.0,0.0,0.0,0.0,0.0,0.0,0.0,0.0,0.0,0.0,0.0,0.0,0.0,0.0,0.0,0.0,0.0,0.0,0.0,0.0
False,random_forest_5_top160,random_forest,160,160,"{""class_weight"": ""balanced"", ""max_depth"": 8, ""min_samples_split"": 5, ""n_estimators"": 5}",0.860236220472441,0.8578814771653426,0.8577847656754688,0.9424725004561568,0.9424251732115008,0.8802684196600593,0.8801654548715077,0.8415300546448088,0.775974025974026,0.956140350877193,188.08590000116965,3.1277000016416423,3.0784448835055533,5.0,803.0,8.0,133.0,38.298,160.0,100.0,4023.0,1016.0,0.0,0.0,0.0,0.0,0.0,0.0,0.0,0.0,0.0,0.0,0.0,0.0,0.0,0.0,0.0,0.0,0.0,0.0,0.0,0.0,0.0,0.0
False,gradient_boosting_depth3_20_top100,gradient_boosting,100,100,"{""learning_rate"": 0.1, ""max_depth"": 3, ""n_estimators"": 20}",0.859251968503937,0.8575029070224488,0.8574129442247453,0.9473296237136931,0.9472865745909484,0.895483694494262,0.895394070876295,0.8419580419580419,0.7816455696202531,0.948905109489051,7796.191000001272,4.259000001184177,4.191929135023796,60.0,900.0,3.0,64.0,180.0,100.0,100.0,4023.0,1016.0,0.0,0.0,0.0,0.0,0.0,0.0,0.0,0.0,0.0,0.0,0.0,0.0,0.0,0.0,0.0,0.0,0.0,0.0,0.0,0.0,0.0,0.0
False,gradient_boosting_depth3_10_top160,gradient_boosting,160,160,"{""learning_rate"": 0.1, ""max_depth"": 3, ""n_estimators"": 10}",0.859251968503937,0.8560698823823113,0.8559785091272849,0.9448281040720005,0.9447835183891544,0.8941084180577943,0.8940241193993153,0.8490566037735849,0.7702479338842976,0.948905109489051,6183.601799999451,3.9044000004651025,3.8429133862845495,30.0,450.0,3.0,57.0,90.0,160.0,100.0,4023.0,1016.0,0.0,0.0,0.0,0.0,0.0,0.0,0.0,0.0,0.0,0.0,0.0,0.0,0.0,0.0,0.0,0.0,0.0,0.0,0.0,0.0,0.0,0.0
False,extra_trees_10_top126,extra_trees,126,126,"{""class_weight"": ""balanced"", ""max_depth"": 8, ""min_samples_split"": 5, ""n_estimators"": 10}",0.859251968503937,0.8542155162844818,0.8541302589768514,0.9460368013649871,0.9459928276716814,0.8943217154854909,0.8942354884465074,0.8594164456233422,0.7623931623931623,0.9408369408369408,70.35810000161291,5.684100000507897,5.594586614673127,10.0,1822.0,8.0,124.0,78.474,126.0,100.0,4023.0,1016.0,0.0,0.0,0.0,0.0,0.0,0.0,0.0,0.0,0.0,0.0,0.0,0.0,0.0,0.0,0.0,0.0,0.0,0.0,0.0,0.0,0.0,0.0
False,gradient_boosting_depth2_10_top160,gradient_boosting,160,160,"{""learning_rate"": 0.1, ""max_depth"": 2, ""n_estimators"": 10}",0.8572834645669292,0.8540734477278168,0.8539861860843079,0.9453931682543827,0.9453489884132027,0.8986936557694413,0.8986097367749755,0.8525469168900804,0.7669421487603306,0.9427312775330396,5352.420200000779,4.248700002790429,4.181791341329162,30.0,210.0,2.0,32.0,60.0,160.0,100.0,4023.0,1016.0,0.0,0.0,0.0,0.0,0.0,0.0,0.0,0.0,0.0,0.0,0.0,0.0,0.0,0.0,0.0,0.0,0.0,0.0,0.0,0.0,0.0,0.0
False,gradient_boosting_depth2_10_top126,gradient_boosting,126,126,"{""learning_rate"": 0.1, ""max_depth"": 2, ""n_estimators"": 10}",0.8572834645669292,0.8539941325117181,0.8539081533374115,0.9445641106683998,0.9445185736597339,0.8952702509975189,0.8951826037040854,0.8536912751677852,0.7669421487603306,0.9413489736070382,4272.093299998232,3.85900000037509,3.798228346825876,30.0,210.0,2.0,26.0,60.0,126.0,100.0,4023.0,1016.0,0.0,0.0,0.0,0.0,0.0,0.0,0.0,0.0,0.0,0.0,0.0,0.0,0.0,0.0,0.0,0.0,0.0,0.0,0.0,0.0,0.0,0.0
False,extra_trees_20_top160,extra_trees,160,160,"{""class_weight"": ""balanced"", ""max_depth"": 8, ""min_samples_split"": 5, ""n_estimators"": 20}",0.8572834645669292,0.8538521969084331,0.8537459838090492,0.9555031169703375,0.9554665922058693,0.9121320752335146,0.9120584127735113,0.8383705650459922,0.7614213197969543,0.961764705882353,134.8188999982085,11.812900000222726,11.626870078959376,20.0,3740.0,8.0,160.0,156.4,160.0,100.0,4023.0,1016.0,0.0,0.0,0.0,0.0,0.0,0.0,0.0,0.0,0.0,0.0,0.0,0.0,0.0,0.0,0.0,0.0,0.0,0.0,0.0,0.0,0.0,0.0
False,gradient_boosting_depth2_20_top100,gradient_boosting,100,100,"{""learning_rate"": 0.1, ""max_depth"": 2, ""n_estimators"": 20}",0.8562992125984252,0.8533910461375175,0.8533044733742601,0.9470716580423795,0.9470272275874045,0.8897960501522283,0.8897014110673784,0.8521031207598372,0.766721044045677,0.9413489736070382,6910.898300000554,4.377799999929266,4.308858267646915,60.0,420.0,2.0,35.0,120.0,100.0,100.0,4023.0,1016.0,0.0,0.0,0.0,0.0,0.0,0.0,0.0,0.0,0.0,0.0,0.0,0.0,0.0,0.0,0.0,0.0,0.0,0.0,0.0,0.0,0.0,0.0
False,gradient_boosting_depth2_10_topall,gradient_boosting,all,1100,"{""learning_rate"": 0.1, ""max_depth"": 2, ""n_estimators"": 10}",0.8562992125984252,0.8532273640251501,0.8531404613639187,0.9525667573015874,0.9525323074019482,0.9092174827998925,0.9091468763224968,0.8509485094850948,0.7672131147540984,0.9415204678362573,36817.56060000043,12.54299999709474,12.345472438085373,30.0,210.0,2.0,45.0,60.0,1100.0,100.0,4023.0,1016.0,0.0,0.0,0.0,0.0,0.0,0.0,0.0,0.0,0.0,0.0,0.0,0.0,0.0,0.0,0.0,0.0,0.0,0.0,0.0,0.0,0.0,0.0
False,random_forest_3_top126,random_forest,126,126,"{""class_weight"": ""balanced"", ""max_depth"": 8, ""min_samples_split"": 5, ""n_estimators"": 3}",0.8543307086614174,0.8527549238288697,0.8526502885890505,0.9392050742251795,0.9391564250905611,0.8690465036590238,0.8689483782932257,0.8233657858136301,0.7758346581875993,0.9590643274853801,105.02479999922798,2.8007000000798143,2.7565944882675337,3.0,519.0,8.0,107.0,22.994,126.0,100.0,4023.0,1016.0,0.0,0.0,0.0,0.0,0.0,0.0,0.0,0.0,0.0,0.0,0.0,0.0,0.0,0.0,0.0,0.0,0.0,0.0,0.0,0.0,0.0,0.0
False,random_forest_10_top100,random_forest,100,100,"{""class_weight"": ""balanced"", ""max_depth"": 8, ""min_samples_split"": 5, ""n_estimators"": 10}",0.8543307086614174,0.8519443425419629,0.851840287531102,0.9445030179741541,0.9444546999728717,0.8866204233597254,0.8865196893652553,0.8324175824175825,0.7657512116316639,0.9576642335766423,319.92040000113775,6.9447999994736165,6.8354330703480475,10.0,1666.0,8.0,100.0,76.816,100.0,100.0,4023.0,1016.0,0.0,0.0,0.0,0.0,0.0,0.0,0.0,0.0,0.0,0.0,0.0,0.0,0.0,0.0,0.0,0.0,0.0,0.0,0.0,0.0,0.0,0.0
False,gradient_boosting_depth2_10_top100,gradient_boosting,100,100,"{""learning_rate"": 0.1, ""max_depth"": 2, ""n_estimators"": 10}",0.8543307086614174,0.8509347764410585,0.8508457860895172,0.9429787107242052,0.9429332453702336,0.8895341805259068,0.8894462355509493,0.8498659517426274,0.7615894039735099,0.9413489736070382,3458.820400002878,4.202299998723902,4.136122045988093,30.0,210.0,2.0,22.0,60.0,100.0,100.0,4023.0,1016.0,0.0,0.0,0.0,0.0,0.0,0.0,0.0,0.0,0.0,0.0,0.0,0.0,0.0,0.0,0.0,0.0,0.0,0.0,0.0,0.0,0.0,0.0
False,gradient_boosting_depth3_10_top126,gradient_boosting,126,126,"{""learning_rate"": 0.1, ""max_depth"": 3, ""n_estimators"": 10}",0.8543307086614174,0.8506282495383313,0.8505394614563444,0.9429411069564341,0.942892383365136,0.8871459522467068,0.8870473474436842,0.8474114441416893,0.7636363636363637,0.9408369408369408,4895.797099998163,3.8645999993605074,3.803740156850893,30.0,450.0,3.0,53.0,90.0,126.0,100.0,4023.0,1016.0,0.0,0.0,0.0,0.0,0.0,0.0,0.0,0.0,0.0,0.0,0.0,0.0,0.0,0.0,0.0,0.0,0.0,0.0,0.0,0.0,0.0,0.0
False,gradient_boosting_depth3_5_topall,gradient_boosting,all,1100,"{""learning_rate"": 0.1, ""max_depth"": 3, ""n_estimators"": 5}",0.8533464566929134,0.8503922740321835,0.8503049333227837,0.943879509174533,0.9438343269902533,0.8899028618441026,0.8898119255958867,0.844566712517194,0.767479674796748,0.9391304347826087,21395.02309999807,10.721999999077525,10.553149605391265,15.0,225.0,3.0,51.0,45.0,1100.0,100.0,4023.0,1016.0,0.0,0.0,0.0,0.0,0.0,0.0,0.0,0.0,0.0,0.0,0.0,0.0,0.0,0.0,0.0,0.0,0.0,0.0,0.0,0.0,0.0,0.0
False,gradient_boosting_depth3_10_top100,gradient_boosting,100,100,"{""learning_rate"": 0.1, ""max_depth"": 3, ""n_estimators"": 10}",0.8523622047244095,0.8500617015708819,0.8499657762123008,0.9373967352022943,0.9373435703120345,0.8746547021951647,0.8745449365128177,0.8354080221300139,0.7672552166934189,0.9475218658892128,3944.7536999978183,3.6920999991707504,3.633956692097195,30.0,450.0,3.0,46.0,90.0,100.0,100.0,4023.0,1016.0,0.0,0.0,0.0,0.0,0.0,0.0,0.0,0.0,0.0,0.0,0.0,0.0,0.0,0.0,0.0,0.0,0.0,0.0,0.0,0.0,0.0,0.0
False,random_forest_3_top160,random_forest,160,160,"{""class_weight"": ""balanced"", ""max_depth"": 8, ""min_samples_split"": 5, ""n_estimators"": 3}",0.8513779527559056,0.8493112332779132,0.8492163938076204,0.9304511762021116,0.9303986655553299,0.8520715452517228,0.8519516725571471,0.837465564738292,0.7648,0.9456681350954479,116.49469999974826,3.296399998362176,3.2444881873643467,3.0,475.0,8.0,110.0,22.864,160.0,100.0,4023.0,1016.0,0.0,0.0,0.0,0.0,0.0,0.0,0.0,0.0,0.0,0.0,0.0,0.0,0.0,0.0,0.0,0.0,0.0,0.0,0.0,0.0,0.0,0.0
False,extra_trees_10_top160,extra_trees,160,160,"{""class_weight"": ""balanced"", ""max_depth"": 8, ""min_samples_split"": 5, ""n_estimators"": 10}",0.8523622047244095,0.8486367551919001,0.8485356111356446,0.9508899347815482,0.9508495008436751,0.903927448253001,0.9038478182263301,0.8363636363636363,0.758147512864494,0.9513991163475699,73.96789999984321,7.5294000016583595,7.410826773285787,10.0,1900.0,8.0,159.0,78.408,160.0,100.0,4023.0,1016.0,0.0,0.0,0.0,0.0,0.0,0.0,0.0,0.0,0.0,0.0,0.0,0.0,0.0,0.0,0.0,0.0,0.0,0.0,0.0,0.0,0.0,0.0
False,gradient_boosting_depth2_5_top126,gradient_boosting,126,126,"{""learning_rate"": 0.1, ""max_depth"": 2, ""n_estimators"": 5}",0.8503937007874016,0.8470753934640175,0.8469853136433836,0.941603324234949,0.9415564063698617,0.8853328112072226,0.8852385540027392,0.844804318488529,0.7578253706754531,0.9385964912280702,2126.0443000028317,4.732499997771811,4.6579724387517825,15.0,105.0,2.0,20.0,30.0,126.0,100.0,4023.0,1016.0,0.0,0.0,0.0,0.0,0.0,0.0,0.0,0.0,0.0,0.0,0.0,0.0,0.0,0.0,0.0,0.0,0.0,0.0,0.0,0.0,0.0,0.0
False,tree_depth6_top126,decision_tree,126,126,"{""class_weight"": ""balanced"", ""max_depth"": 6, ""min_samples_split"": 5}",0.8484251968503937,0.8468001830905058,0.8467100096267294,0.9102361280276501,0.9101818454434286,0.8429986555364924,0.8429029311443568,0.8305555555555556,0.7714285714285715,0.9384164222873901,442.9106999996293,1.1106999991170596,1.0932086605482871,1.0,71.0,6.0,28.0,5.95,126.0,100.0,4023.0,1016.0,0.0,0.0,0.0,0.0,0.0,0.0,0.0,0.0,0.0,0.0,0.0,0.0,0.0,0.0,0.0,0.0,0.0,0.0,0.0,0.0,0.0,0.0
False,gradient_boosting_depth3_5_top160,gradient_boosting,160,160,"{""learning_rate"": 0.1, ""max_depth"": 3, ""n_estimators"": 5}",0.8503937007874016,0.8465668117140769,0.8464671470730901,0.9356281560082566,0.9355752325180179,0.87826162408241,0.8781611877649038,0.8360215053763441,0.7558528428093646,0.9478260869565217,3101.353400001244,3.27119999928982,3.2196850386710825,15.0,225.0,3.0,43.0,45.0,160.0,100.0,4023.0,1016.0,0.0,0.0,0.0,0.0,0.0,0.0,0.0,0.0,0.0,0.0,0.0,0.0,0.0,0.0,0.0,0.0,0.0,0.0,0.0,0.0,0.0,0.0
False,gradient_boosting_depth3_5_top126,gradient_boosting,126,126,"{""learning_rate"": 0.1, ""max_depth"": 3, ""n_estimators"": 5}",0.8494094488188977,0.8458849110752121,0.8457844268551948,0.9373105174674636,0.937258317836821,0.8769265752307301,0.8768213044760557,0.8326530612244898,0.7570247933884298,0.9479768786127167,2471.3269999992917,3.249800000048708,3.1986220472920355,15.0,225.0,3.0,39.0,45.0,126.0,100.0,4023.0,1016.0,0.0,0.0,0.0,0.0,0.0,0.0,0.0,0.0,0.0,0.0,0.0,0.0,0.0,0.0,0.0,0.0,0.0,0.0,0.0,0.0,0.0,0.0
False,gradient_boosting_depth2_5_top160,gradient_boosting,160,160,"{""learning_rate"": 0.1, ""max_depth"": 2, ""n_estimators"": 5}",0.8484251968503937,0.8449485940434958,0.8448564209163455,0.9393973385814117,0.9393477877615791,0.8799895817386093,0.8798885391300469,0.8425302826379543,0.7537190082644628,0.9385964912280702,2743.5327999992296,4.7505000002274755,4.675688976601846,15.0,105.0,2.0,22.0,30.0,160.0,100.0,4023.0,1016.0,0.0,0.0,0.0,0.0,0.0,0.0,0.0,0.0,0.0,0.0,0.0,0.0,0.0,0.0,0.0,0.0,0.0,0.0,0.0,0.0,0.0,0.0
False,tree_depth8_top160,decision_tree,160,160,"{""class_weight"": ""balanced"", ""max_depth"": 8, ""min_samples_split"": 5}",0.844488188976378,0.8439450686641697,0.8438928790693809,0.8821304441917244,0.8820935484486316,0.7887680356384345,0.7886988463100477,0.8651685393258427,0.7696969696969697,0.896969696969697,714.829100001225,1.264000002265675,1.2440944904189715,1.0,179.0,8.0,60.0,7.63,160.0,100.0,4023.0,1016.0,0.0,0.0,0.0,0.0,0.0,0.0,0.0,0.0,0.0,0.0,0.0,0.0,0.0,0.0,0.0,0.0,0.0,0.0,0.0,0.0,0.0,0.0
False,extra_trees_20_top100,extra_trees,100,100,"{""class_weight"": ""balanced"", ""max_depth"": 8, ""min_samples_split"": 5, ""n_estimators"": 20}",0.8484251968503937,0.8415382416423723,0.8414331849293541,0.9456817871627431,0.9456358104834613,0.8926545655641352,0.8925632055554302,0.8426527958387516,0.7336860670194003,0.9482758620689655,132.02539999838336,9.672299998783274,9.519980313763064,20.0,3898.0,8.0,100.0,157.682,100.0,100.0,4023.0,1016.0,0.0,0.0,0.0,0.0,0.0,0.0,0.0,0.0,0.0,0.0,0.0,0.0,0.0,0.0,0.0,0.0,0.0,0.0,0.0,0.0,0.0,0.0
False,gradient_boosting_depth2_5_topall,gradient_boosting,all,1100,"{""learning_rate"": 0.1, ""max_depth"": 2, ""n_estimators"": 5}",0.844488188976378,0.8414150908837245,0.8413251957585985,0.9504326102710187,0.9503971614921679,0.9038657970658388,0.9037950185630649,0.8373983739837398,0.7540983606557377,0.9327485380116959,18383.23390000005,13.27089999904274,13.061909447876713,15.0,105.0,2.0,26.0,30.0,1100.0,100.0,4023.0,1016.0,0.0,0.0,0.0,0.0,0.0,0.0,0.0,0.0,0.0,0.0,0.0,0.0,0.0,0.0,0.0,0.0,0.0,0.0,0.0,0.0,0.0,0.0
False,gradient_boosting_depth3_5_top100,gradient_boosting,100,100,"{""learning_rate"": 0.1, ""max_depth"": 3, ""n_estimators"": 5}",0.844488188976378,0.8412082550552729,0.8411101953251727,0.930697819061395,0.9306388274014636,0.8583931160082497,0.8582693357425313,0.8303448275862069,0.752442996742671,0.9408369408369408,2016.3212000006752,3.628899998147972,3.5717519666810746,15.0,225.0,3.0,34.0,45.0,100.0,100.0,4023.0,1016.0,0.0,0.0,0.0,0.0,0.0,0.0,0.0,0.0,0.0,0.0,0.0,0.0,0.0,0.0,0.0,0.0,0.0,0.0,0.0,0.0,0.0,0.0
False,tree_depth8_topall,decision_tree,all,1100,"{""class_weight"": ""balanced"", ""max_depth"": 8, ""min_samples_split"": 5}",0.84251968503937,0.8403766544791393,0.8403189788341291,0.8815321474486061,0.8814799504190518,0.7947417710352589,0.7946755155188867,0.8575418994413407,0.764612954186414,0.8989751098096632,5043.215599998803,2.1154999994905666,2.082185038868668,1.0,175.0,8.0,83.0,7.88,1100.0,100.0,4023.0,1016.0,0.0,0.0,0.0,0.0,0.0,0.0,0.0,0.0,0.0,0.0,0.0,0.0,0.0,0.0,0.0,0.0,0.0,0.0,0.0,0.0,0.0,0.0
False,random_forest_5_top100,random_forest,100,100,"{""class_weight"": ""balanced"", ""max_depth"": 8, ""min_samples_split"": 5, ""n_estimators"": 5}",0.84251968503937,0.8390856021775286,0.8389841150420814,0.9347382538845345,0.9346806964096775,0.8601620166394889,0.8600360540885637,0.8303448275862069,0.7447154471544716,0.9421965317919075,199.32999999946333,5.14370000018971,5.062696850580424,5.0,829.0,8.0,93.0,38.408,100.0,100.0,4023.0,1016.0,0.0,0.0,0.0,0.0,0.0,0.0,0.0,0.0,0.0,0.0,0.0,0.0,0.0,0.0,0.0,0.0,0.0,0.0,0.0,0.0,0.0,0.0
False,extra_trees_5_top126,extra_trees,126,126,"{""class_weight"": ""balanced"", ""max_depth"": 8, ""min_samples_split"": 5, ""n_estimators"": 5}",0.843503937007874,0.8387395017083111,0.8386477269719375,0.9438044756708264,0.943758236087079,0.8922437917932889,0.8921544076135857,0.8422459893048129,0.7419898819561551,0.9319826338639653,37.88229999918258,3.4233999977004714,3.3694881867130624,5.0,907.0,8.0,120.0,39.11,126.0,100.0,4023.0,1016.0,0.0,0.0,0.0,0.0,0.0,0.0,0.0,0.0,0.0,0.0,0.0,0.0,0.0,0.0,0.0,0.0,0.0,0.0,0.0,0.0,0.0,0.0
False,extra_trees_10_top100,extra_trees,100,100,"{""class_weight"": ""balanced"", ""max_depth"": 8, ""min_samples_split"": 5, ""n_estimators"": 10}",0.843503937007874,0.8375314675241702,0.8374369847052366,0.937190954373485,0.9371395669231298,0.8755382490009641,0.8754357003074532,0.8458498023715415,0.7332185886402753,0.9335260115606936,66.17909999840776,6.927300000825198,6.818208662229526,10.0,2148.0,8.0,100.0,78.886,100.0,100.0,4023.0,1016.0,0.0,0.0,0.0,0.0,0.0,0.0,0.0,0.0,0.0,0.0,0.0,0.0,0.0,0.0,0.0,0.0,0.0,0.0,0.0,0.0,0.0,0.0
False,gradient_boosting_depth2_5_top100,gradient_boosting,100,100,"{""learning_rate"": 0.1, ""max_depth"": 2, ""n_estimators"": 5}",0.8405511811023622,0.836951827157704,0.8368517831970048,0.9328357872724563,0.932784676643446,0.86300297003782,0.8629091145475639,0.8317631224764468,0.740495867768595,0.9385964912280702,1839.6799999973155,4.141599998547463,4.076377951326243,15.0,105.0,2.0,16.0,30.0,100.0,100.0,4023.0,1016.0,0.0,0.0,0.0,0.0,0.0,0.0,0.0,0.0,0.0,0.0,0.0,0.0,0.0,0.0,0.0,0.0,0.0,0.0,0.0,0.0,0.0,0.0
False,extra_trees_5_top160,extra_trees,160,160,"{""class_weight"": ""balanced"", ""max_depth"": 8, ""min_samples_split"": 5, ""n_estimators"": 5}",0.8385826771653543,0.8352562157135596,0.8351581300571718,0.9424242528153689,0.9423775137380909,0.8899260743296652,0.8898358523451564,0.8324468085106383,0.7384105960264901,0.9349112426035503,38.43649999907939,3.4837999992305413,3.4289370071166747,5.0,961.0,8.0,147.0,39.34,160.0,100.0,4023.0,1016.0,0.0,0.0,0.0,0.0,0.0,0.0,0.0,0.0,0.0,0.0,0.0,0.0,0.0,0.0,0.0,0.0,0.0,0.0,0.0,0.0,0.0,0.0
False,tree_depth8_top126,decision_tree,126,126,"{""class_weight"": ""balanced"", ""max_depth"": 8, ""min_samples_split"": 5}",0.8346456692913385,0.8342106430313642,0.8341416860001498,0.8770925125995396,0.877039512821286,0.7896510471477174,0.7895745741462307,0.8408759124087591,0.7574850299401198,0.9042709867452136,602.0038000024215,1.8304000004718546,1.80157480361403,1.0,155.0,8.0,51.0,7.674,126.0,100.0,4023.0,1016.0,0.0,0.0,0.0,0.0,0.0,0.0,0.0,0.0,0.0,0.0,0.0,0.0,0.0,0.0,0.0,0.0,0.0,0.0,0.0,0.0,0.0,0.0
False,tree_depth6_topall,decision_tree,all,1100,"{""class_weight"": ""balanced"", ""max_depth"": 6, ""min_samples_split"": 5}",0.8316929133858267,0.830310651208484,0.8302441283278842,0.9062066550616223,0.906156618438865,0.8348717484492969,0.8347789299961688,0.85,0.7430340557275542,0.8978978978978979,3919.4838000003074,2.6139000001421664,2.5727362206123683,1.0,83.0,6.0,41.0,5.966,1100.0,100.0,4023.0,1016.0,0.0,0.0,0.0,0.0,0.0,0.0,0.0,0.0,0.0,0.0,0.0,0.0,0.0,0.0,0.0,0.0,0.0,0.0,0.0,0.0,0.0,0.0
False,extra_trees_3_top160,extra_trees,160,160,"{""class_weight"": ""balanced"", ""max_depth"": 8, ""min_samples_split"": 5, ""n_estimators"": 3}",0.8326771653543307,0.8296147201888161,0.8295122483900388,0.9337148822340318,0.9336609646586199,0.872219270482621,0.8721145585651725,0.8175765645805593,0.7375415282392026,0.9337260677466863,26.168100001086714,2.410600001894636,2.37263779714039,3.0,665.0,8.0,133.0,23.514,160.0,100.0,4023.0,1016.0,0.0,0.0,0.0,0.0,0.0,0.0,0.0,0.0,0.0,0.0,0.0,0.0,0.0,0.0,0.0,0.0,0.0,0.0,0.0,0.0,0.0,0.0
False,extra_trees_3_top126,extra_trees,126,126,"{""class_weight"": ""balanced"", ""max_depth"": 8, ""min_samples_split"": 5, ""n_estimators"": 3}",0.8346456692913385,0.829604730188635,0.8295100850489194,0.9374737356954532,0.9374249565931255,0.8812422872086209,0.8811484590748829,0.8326745718050066,0.7303754266211604,0.925764192139738,24.501200001395773,3.089099998760503,3.040452754685534,3.0,587.0,8.0,102.0,23.37,126.0,100.0,4023.0,1016.0,0.0,0.0,0.0,0.0,0.0,0.0,0.0,0.0,0.0,0.0,0.0,0.0,0.0,0.0,0.0,0.0,0.0,0.0,0.0,0.0,0.0,0.0
False,extra_trees_3_topall,extra_trees,all,1100,"{""class_weight"": ""balanced"", ""max_depth"": 8, ""min_samples_split"": 5, ""n_estimators"": 3}",0.8297244094488189,0.8282695491783939,0.8282081993995349,0.9423014260873345,0.9422649234321162,0.8926352852960083,0.8925623487630342,0.844207723035952,0.75,0.8906009244992296,55.683000002318295,3.9265999985218514,3.8647637780726884,3.0,557.0,8.0,235.0,23.296,1100.0,100.0,4023.0,1016.0,0.0,0.0,0.0,0.0,0.0,0.0,0.0,0.0,0.0,0.0,0.0,0.0,0.0,0.0,0.0,0.0,0.0,0.0,0.0,0.0,0.0,0.0
False,random_forest_3_top100,random_forest,100,100,"{""class_weight"": ""balanced"", ""max_depth"": 8, ""min_samples_split"": 5, ""n_estimators"": 3}",0.8287401574803149,0.824649998502454,0.8245466041026023,0.9267272129009481,0.9266622752019332,0.8491794491505787,0.8490438443837176,0.8199445983379502,0.7243066884176182,0.9296987087517934,131.33039999956964,3.601700002036523,3.544980316965082,3.0,513.0,8.0,85.0,23.086,100.0,100.0,4023.0,1016.0,0.0,0.0,0.0,0.0,0.0,0.0,0.0,0.0,0.0,0.0,0.0,0.0,0.0,0.0,0.0,0.0,0.0,0.0,0.0,0.0,0.0,0.0
False,tree_depth12_top160,decision_tree,160,160,"{""class_weight"": ""balanced"", ""max_depth"": 12, ""min_samples_split"": 5}",0.8238188976377953,0.8243794083296194,0.8243145810716377,0.855371446631943,0.8553454077127497,0.7482804838846944,0.7482095774198172,0.8354792560801144,0.7474150664697193,0.8902439024390244,946.5884999990521,1.4919999994162936,1.4685039364333599,1.0,289.0,12.0,96.0,10.566,160.0,100.0,4023.0,1016.0,0.0,0.0,0.0,0.0,0.0,0.0,0.0,0.0,0.0,0.0,0.0,0.0,0.0,0.0,0.0,0.0,0.0,0.0,0.0,0.0,0.0,0.0
False,tree_depth12_top126,decision_tree,126,126,"{""class_weight"": ""balanced"", ""max_depth"": 12, ""min_samples_split"": 5}",0.8228346456692913,0.8229532075073811,0.8228747609918798,0.8590009278346183,0.8589568876168945,0.7521328916992899,0.7520570415763246,0.8231797919762258,0.7430249632892805,0.9026548672566371,749.8844999972789,1.1838999998872168,1.165255905400804,1.0,275.0,12.0,79.0,10.522,126.0,100.0,4023.0,1016.0,0.0,0.0,0.0,0.0,0.0,0.0,0.0,0.0,0.0,0.0,0.0,0.0,0.0,0.0,0.0,0.0,0.0,0.0,0.0,0.0,0.0,0.0
False,tree_depth8_top100,decision_tree,100,100,"{""class_weight"": ""balanced"", ""max_depth"": 8, ""min_samples_split"": 5}",0.8228346456692913,0.8218414973362714,0.8217321524354779,0.8705845158280923,0.8705056994348725,0.7638301311668738,0.763664144353199,0.8033240997229917,0.729264475743349,0.9329359165424739,489.8326999973506,1.4526000013574958,1.4297244107849367,1.0,187.0,8.0,52.0,7.848,100.0,100.0,4023.0,1016.0,0.0,0.0,0.0,0.0,0.0,0.0,0.0,0.0,0.0,0.0,0.0,0.0,0.0,0.0,0.0,0.0,0.0,0.0,0.0,0.0,0.0,0.0
False,extra_trees_5_top100,extra_trees,100,100,"{""class_weight"": ""balanced"", ""max_depth"": 8, ""min_samples_split"": 5, ""n_estimators"": 5}",0.8267716535433071,0.8202414172740213,0.8201456796396109,0.9248873837842257,0.9248285873624008,0.857405784591295,0.8572946406844624,0.8353096179183136,0.7079037800687286,0.9175108538350217,36.43019999799435,4.128999997192295,4.063976375189267,5.0,1089.0,8.0,98.0,39.62,100.0,100.0,4023.0,1016.0,0.0,0.0,0.0,0.0,0.0,0.0,0.0,0.0,0.0,0.0,0.0,0.0,0.0,0.0,0.0,0.0,0.0,0.0,0.0,0.0,0.0,0.0
False,tree_depth10_topall,decision_tree,all,1100,"{""class_weight"": ""balanced"", ""max_depth"": 10, ""min_samples_split"": 5}",0.8218503937007874,0.8199175642418709,0.8198541624139829,0.8535168097693927,0.853466978808127,0.7504324676329811,0.7503613938887725,0.8413597733711048,0.7340590979782271,0.8843338213762811,6076.076400000602,2.9788000028929673,2.931889766626936,1.0,227.0,10.0,106.0,9.64,1100.0,100.0,4023.0,1016.0,0.0,0.0,0.0,0.0,0.0,0.0,0.0,0.0,0.0,0.0,0.0,0.0,0.0,0.0,0.0,0.0,0.0,0.0,0.0,0.0,0.0,0.0
False,tree_depth10_top126,decision_tree,126,126,"{""class_weight"": ""balanced"", ""max_depth"": 10, ""min_samples_split"": 5}",0.8179133858267716,0.8181513583992696,0.8180781914741265,0.8684162617805266,0.8683726560227834,0.7653197234627266,0.7652339179664264,0.8203592814371258,0.7416058394160584,0.8924889543446245,723.0128000010154,1.3406999969447497,1.3195866111660923,1.0,239.0,10.0,69.0,9.198,126.0,100.0,4023.0,1016.0,0.0,0.0,0.0,0.0,0.0,0.0,0.0,0.0,0.0,0.0,0.0,0.0,0.0,0.0,0.0,0.0,0.0,0.0,0.0,0.0,0.0,0.0
False,tree_depth10_top160,decision_tree,160,160,"{""class_weight"": ""balanced"", ""max_depth"": 10, ""min_samples_split"": 5}",0.8169291338582677,0.8172130228632098,0.8171368759238499,0.8552668298646985,0.8552378704774622,0.7478533051263391,0.7477894649221358,0.8189655172413793,0.7380952380952381,0.8945783132530121,822.599099999934,1.3840000028721988,1.3622047272364162,1.0,249.0,10.0,82.0,9.174,160.0,100.0,4023.0,1016.0,0.0,0.0,0.0,0.0,0.0,0.0,0.0,0.0,0.0,0.0,0.0,0.0,0.0,0.0,0.0,0.0,0.0,0.0,0.0,0.0,0.0,0.0
False,tree_depth6_top100,decision_tree,100,100,"{""class_weight"": ""balanced"", ""max_depth"": 6, ""min_samples_split"": 5}",0.8149606299212598,0.81157872309243,0.8114609994494472,0.8971261852244806,0.8970570062882542,0.7991127946025697,0.798955448102191,0.7951482479784366,0.7084019769357496,0.931185944363104,384.90660000024945,1.1685000026773196,1.1500984278320074,1.0,81.0,6.0,28.0,5.976,100.0,100.0,4023.0,1016.0,0.0,0.0,0.0,0.0,0.0,0.0,0.0,0.0,0.0,0.0,0.0,0.0,0.0,0.0,0.0,0.0,0.0,0.0,0.0,0.0,0.0,0.0
False,tree_depth10_top100,decision_tree,100,100,"{""class_weight"": ""balanced"", ""max_depth"": 10, ""min_samples_split"": 5}",0.8061023622047244,0.8058682195087936,0.8057492351256671,0.8485569400497109,0.8484758497830351,0.7380093389104975,0.7378483489801025,0.780281690140845,0.7105666156202144,0.9267563527653214,570.0063000003865,1.366000000416534,1.3444881893863523,1.0,279.0,10.0,68.0,9.49,100.0,100.0,4023.0,1016.0,0.0,0.0,0.0,0.0,0.0,0.0,0.0,0.0,0.0,0.0,0.0,0.0,0.0,0.0,0.0,0.0,0.0,0.0,0.0,0.0,0.0,0.0
False,tree_depth12_topall,decision_tree,all,1100,"{""class_weight"": ""balanced"", ""max_depth"": 12, ""min_samples_split"": 5}",0.8051181102362205,0.8037431151474665,0.8036720823781635,0.8393344623831304,0.8392769838735061,0.7282491143342632,0.7281658114870122,0.8155619596541787,0.7197549770290965,0.8759124087591241,7035.985800001072,2.052600000752136,2.0202755912914725,1.0,269.0,12.0,125.0,11.316,1100.0,100.0,4023.0,1016.0,0.0,0.0,0.0,0.0,0.0,0.0,0.0,0.0,0.0,0.0,0.0,0.0,0.0,0.0,0.0,0.0,0.0,0.0,0.0,0.0,0.0,0.0
False,tree_depth12_top100,decision_tree,100,100,"{""class_weight"": ""balanced"", ""max_depth"": 12, ""min_samples_split"": 5}",0.7992125984251969,0.7995539042361237,0.7994339276152367,0.8438168070080877,0.8437299603343493,0.7273885852434806,0.7272342363866234,0.7791842475386779,0.6980273141122914,0.9214501510574018,646.9398000008368,1.121400000556605,1.1037401580281545,1.0,355.0,12.0,76.0,10.974,100.0,100.0,4023.0,1016.0,0.0,0.0,0.0,0.0,0.0,0.0,0.0,0.0,0.0,0.0,0.0,0.0,0.0,0.0,0.0,0.0,0.0,0.0,0.0,0.0,0.0,0.0
False,extra_trees_3_top100,extra_trees,100,100,"{""class_weight"": ""balanced"", ""max_depth"": 8, ""min_samples_split"": 5, ""n_estimators"": 3}",0.781496062992126,0.7716254299443707,0.7714901292759193,0.9020705456996385,0.9019924807735001,0.816065036936913,0.8159234040506606,0.7849740932642487,0.6208112874779541,0.9090909090909091,24.02589999837801,2.7133000003232155,2.6705708664598578,3.0,627.0,8.0,92.0,23.812,100.0,100.0,4023.0,1016.0,0.0,0.0,0.0,0.0,0.0,0.0,0.0,0.0,0.0,0.0,0.0,0.0,0.0,0.0,0.0,0.0,0.0,0.0,0.0,0.0,0.0,0.0
False,random_forest_20_top70,random_forest,70,70,"{""class_weight"": ""balanced"", ""max_depth"": 8, ""min_samples_split"": 5, ""n_estimators"": 20}",0.780511811023622,0.7709277683113772,0.7707593616015389,0.9121130484850717,0.9120409380166612,0.8295141658215983,0.8293765504586267,0.7619047619047619,0.6088495575221239,0.9420289855072463,534.3181999996887,10.040199998911703,9.88208661310207,20.0,4536.0,8.0,70.0,156.654,70.0,100.0,4023.0,1016.0,0.0,0.0,0.0,0.0,0.0,0.0,0.0,0.0,0.0,0.0,0.0,0.0,0.0,0.0,0.0,0.0,0.0,0.0,0.0,0.0,0.0,0.0
False,random_forest_5_top70,random_forest,70,70,"{""class_weight"": ""balanced"", ""max_depth"": 8, ""min_samples_split"": 5, ""n_estimators"": 5}",0.7598425196850394,0.7533015626525562,0.7531285442320783,0.8968926581348441,0.8968081095881237,0.8007757953645237,0.8006105594688511,0.7331536388140162,0.5976627712854758,0.9290882778581766,144.2920999979833,3.7912000007054303,3.731496063686447,5.0,1173.0,8.0,70.0,39.02,70.0,100.0,4023.0,1016.0,0.0,0.0,0.0,0.0,0.0,0.0,0.0,0.0,0.0,0.0,0.0,0.0,0.0,0.0,0.0,0.0,0.0,0.0,0.0,0.0,0.0,0.0
False,random_forest_10_top70,random_forest,70,70,"{""class_weight"": ""balanced"", ""max_depth"": 8, ""min_samples_split"": 5, ""n_estimators"": 10}",0.7618110236220472,0.7527367268746579,0.7525584086471949,0.9063411709279586,0.9062648011119955,0.8186957857780447,0.8185476240149822,0.7380952380952381,0.5862068965517241,0.9339080459770115,267.57370000268565,5.445499999041203,5.359744093544491,10.0,2258.0,8.0,70.0,78.196,70.0,100.0,4023.0,1016.0,0.0,0.0,0.0,0.0,0.0,0.0,0.0,0.0,0.0,0.0,0.0,0.0,0.0,0.0,0.0,0.0,0.0,0.0,0.0,0.0,0.0,0.0
False,gradient_boosting_depth2_30_top70,gradient_boosting,70,70,"{""learning_rate"": 0.1, ""max_depth"": 2, ""n_estimators"": 30}",0.764763779527559,0.7521841314837295,0.7520020033873827,0.899143686879996,0.8990603274154789,0.8009116048652626,0.8007543677044402,0.7515605493133583,0.5677655677655677,0.9372262773722628,5822.647099997994,3.8201000024855603,3.759940947328307,90.0,630.0,2.0,46.0,180.0,70.0,100.0,4023.0,1016.0,0.0,0.0,0.0,0.0,0.0,0.0,0.0,0.0,0.0,0.0,0.0,0.0,0.0,0.0,0.0,0.0,0.0,0.0,0.0,0.0,0.0,0.0
False,gradient_boosting_depth3_20_top70,gradient_boosting,70,70,"{""learning_rate"": 0.1, ""max_depth"": 3, ""n_estimators"": 20}",0.7667322834645669,0.7514690764569525,0.7512841972424598,0.9021303804230222,0.9020488997604924,0.8049522924413384,0.8047938381379626,0.754950495049505,0.5601503759398496,0.9393063583815029,5542.253999999957,3.7967999996908475,3.7370078737114643,60.0,900.0,3.0,60.0,180.0,70.0,100.0,4023.0,1016.0,0.0,0.0,0.0,0.0,0.0,0.0,0.0,0.0,0.0,0.0,0.0,0.0,0.0,0.0,0.0,0.0,0.0,0.0,0.0,0.0,0.0,0.0
False,extra_trees_20_top70,extra_trees,70,70,"{""class_weight"": ""balanced"", ""max_depth"": 8, ""min_samples_split"": 5, ""n_estimators"": 20}",0.7667322834645669,0.7458757415451897,0.7456891649230195,0.9025398644413176,0.9024589800877836,0.8126819664234879,0.8125302441914078,0.7657004830917874,0.5364891518737672,0.9354375896700143,106.62930000034976,9.702600000309758,9.54980314991118,20.0,4340.0,8.0,70.0,158.29,70.0,100.0,4023.0,1016.0,0.0,0.0,0.0,0.0,0.0,0.0,0.0,0.0,0.0,0.0,0.0,0.0,0.0,0.0,0.0,0.0,0.0,0.0,0.0,0.0,0.0,0.0
False,random_forest_3_top70,random_forest,70,70,"{""class_weight"": ""balanced"", ""max_depth"": 8, ""min_samples_split"": 5, ""n_estimators"": 3}",0.7509842519685039,0.7448198517369594,0.7446422262403208,0.8848481597156074,0.8847524693122397,0.771500693890367,0.7713093823348307,0.71900826446281,0.5901639344262295,0.9252873563218391,82.83070000106818,2.63950000226032,2.597933073090866,3.0,707.0,8.0,70.0,23.38,70.0,100.0,4023.0,1016.0,0.0,0.0,0.0,0.0,0.0,0.0,0.0,0.0,0.0,0.0,0.0,0.0,0.0,0.0,0.0,0.0,0.0,0.0,0.0,0.0,0.0,0.0
False,gradient_boosting_depth2_20_top70,gradient_boosting,70,70,"{""learning_rate"": 0.1, ""max_depth"": 2, ""n_estimators"": 20}",0.7608267716535433,0.7439040653789322,0.7437134289165338,0.8971462837529697,0.8970616262079636,0.7927871646047405,0.7926238170485527,0.7521367521367521,0.5419847328244275,0.9375907111756169,4963.147099999333,4.652699997677701,4.57942913157254,60.0,420.0,2.0,35.0,120.0,70.0,100.0,4023.0,1016.0,0.0,0.0,0.0,0.0,0.0,0.0,0.0,0.0,0.0,0.0,0.0,0.0,0.0,0.0,0.0,0.0,0.0,0.0,0.0,0.0,0.0,0.0
False,tree_depth6_top70,decision_tree,70,70,"{""class_weight"": ""balanced"", ""max_depth"": 6, ""min_samples_split"": 5}",0.7411417322834646,0.7335654799419135,0.7333746906432271,0.8627179416793277,0.8626116601035286,0.7242879493355616,0.7240704618195772,0.7190721649484536,0.5542168674698795,0.9274074074074075,248.4786000022723,1.1814999998023268,1.1628937005928413,1.0,111.0,6.0,41.0,5.998,70.0,100.0,4023.0,1016.0,0.0,0.0,0.0,0.0,0.0,0.0,0.0,0.0,0.0,0.0,0.0,0.0,0.0,0.0,0.0,0.0,0.0,0.0,0.0,0.0,0.0,0.0
False,gradient_boosting_depth2_10_top70,gradient_boosting,70,70,"{""learning_rate"": 0.1, ""max_depth"": 2, ""n_estimators"": 10}",0.7519685039370079,0.7287262837363038,0.7285317161746201,0.8915523075542855,0.8914665078143353,0.7805759980306854,0.7804027284682566,0.7547619047619047,0.5050100200400801,0.9264069264069265,2471.922099997755,4.0948999994725455,4.030413385307623,30.0,210.0,2.0,23.0,60.0,70.0,100.0,4023.0,1016.0,0.0,0.0,0.0,0.0,0.0,0.0,0.0,0.0,0.0,0.0,0.0,0.0,0.0,0.0,0.0,0.0,0.0,0.0,0.0,0.0,0.0,0.0
False,tree_depth8_top70,decision_tree,70,70,"{""class_weight"": ""balanced"", ""max_depth"": 8, ""min_samples_split"": 5}",0.7293307086614174,0.7270947692843762,0.7269089216991089,0.8351861020393256,0.8350742636064559,0.6844600255720824,0.6842581988921728,0.696236559139785,0.5691318327974276,0.9159159159159159,331.1433999988367,1.4989000010245945,1.4752952765990104,1.0,263.0,8.0,60.0,7.954,70.0,100.0,4023.0,1016.0,0.0,0.0,0.0,0.0,0.0,0.0,0.0,0.0,0.0,0.0,0.0,0.0,0.0,0.0,0.0,0.0,0.0,0.0,0.0,0.0,0.0,0.0
False,extra_trees_10_top70,extra_trees,70,70,"{""class_weight"": ""balanced"", ""max_depth"": 8, ""min_samples_split"": 5, ""n_estimators"": 10}",0.7470472440944882,0.7265389786705256,0.7263450988035468,0.8940462492912284,0.8939568032167832,0.7914165479535672,0.7912432235354293,0.7503045066991474,0.5057915057915058,0.9235209235209235,58.21780000042054,4.837699998461176,4.761515746516905,10.0,2154.0,8.0,70.0,79.056,70.0,100.0,4023.0,1016.0,0.0,0.0,0.0,0.0,0.0,0.0,0.0,0.0,0.0,0.0,0.0,0.0,0.0,0.0,0.0,0.0,0.0,0.0,0.0,0.0,0.0,0.0
False,gradient_boosting_depth3_10_top70,gradient_boosting,70,70,"{""learning_rate"": 0.1, ""max_depth"": 3, ""n_estimators"": 10}",0.7480314960629921,0.7246775677165292,0.7244785995073009,0.8964423443141921,0.8963560318426524,0.7936972383864941,0.7935277613406733,0.7482014388489209,0.499001996007984,0.926829268292683,2796.846799999912,3.260900000896072,3.209547244976449,30.0,450.0,3.0,48.0,90.0,70.0,100.0,4023.0,1016.0,0.0,0.0,0.0,0.0,0.0,0.0,0.0,0.0,0.0,0.0,0.0,0.0,0.0,0.0,0.0,0.0,0.0,0.0,0.0,0.0,0.0,0.0
False,gradient_boosting_depth2_5_top70,gradient_boosting,70,70,"{""learning_rate"": 0.1, ""max_depth"": 2, ""n_estimators"": 5}",0.7460629921259843,0.720739639483979,0.720545499747732,0.888142609223304,0.8880523153146299,0.7723879391523618,0.7722041649721969,0.7553444180522565,0.4888888888888889,0.9179856115107914,1228.7599999981467,4.424099999596365,4.354429133460989,15.0,105.0,2.0,17.0,30.0,70.0,100.0,4023.0,1016.0,0.0,0.0,0.0,0.0,0.0,0.0,0.0,0.0,0.0,0.0,0.0,0.0,0.0,0.0,0.0,0.0,0.0,0.0,0.0,0.0,0.0,0.0
False,extra_trees_5_top70,extra_trees,70,70,"{""class_weight"": ""balanced"", ""max_depth"": 8, ""min_samples_split"": 5, ""n_estimators"": 5}",0.7372047244094488,0.7156051461597256,0.7154074873341265,0.880304121879144,0.8802028294210964,0.7612317849201364,0.7610310515859451,0.7439024390243902,0.4864864864864865,0.9164265129682997,32.94789999927161,3.3051999998860992,3.2531496061871055,5.0,1041.0,8.0,70.0,39.398,70.0,100.0,4023.0,1016.0,0.0,0.0,0.0,0.0,0.0,0.0,0.0,0.0,0.0,0.0,0.0,0.0,0.0,0.0,0.0,0.0,0.0,0.0,0.0,0.0,0.0,0.0
False,extra_trees_3_top70,extra_trees,70,70,"{""class_weight"": ""balanced"", ""max_depth"": 8, ""min_samples_split"": 5, ""n_estimators"": 3}",0.7332677165354331,0.7151602292779365,0.714964157997484,0.8721529089945591,0.8720426745661054,0.7478893524532113,0.7476739105921901,0.7358024691358025,0.49530956848030017,0.9143686502177069,19.124200000078417,3.2978000017465092,3.2458661434512885,3.0,703.0,8.0,70.0,23.702,70.0,100.0,4023.0,1016.0,0.0,0.0,0.0,0.0,0.0,0.0,0.0,0.0,0.0,0.0,0.0,0.0,0.0,0.0,0.0,0.0,0.0,0.0,0.0,0.0,0.0,0.0
False,gradient_boosting_depth3_5_top70,gradient_boosting,70,70,"{""learning_rate"": 0.1, ""max_depth"": 3, ""n_estimators"": 5}",0.7431102362204725,0.7141727528635293,0.7139706195200041,0.885778397477214,0.8856822375351242,0.7760290702313578,0.7758418863079461,0.7540983606557377,0.46887966804979253,0.9195402298850575,1418.1145000002289,2.863599998818245,2.818503935844729,15.0,225.0,3.0,34.0,45.0,70.0,100.0,4023.0,1016.0,0.0,0.0,0.0,0.0,0.0,0.0,0.0,0.0,0.0,0.0,0.0,0.0,0.0,0.0,0.0,0.0,0.0,0.0,0.0,0.0,0.0,0.0
False,tree_depth10_top70,decision_tree,70,70,"{""class_weight"": ""balanced"", ""max_depth"": 10, ""min_samples_split"": 5}",0.7106299212598425,0.7084381996630157,0.7082539727847135,0.8103391503624833,0.8102212924171887,0.6520555425555781,0.6518472741732614,0.6871657754010695,0.5425361155698234,0.8956127080181543,387.8210000002582,1.0938999985228293,1.0766732268925485,1.0,417.0,10.0,64.0,9.598,70.0,100.0,4023.0,1016.0,0.0,0.0,0.0,0.0,0.0,0.0,0.0,0.0,0.0,0.0,0.0,0.0,0.0,0.0,0.0,0.0,0.0,0.0,0.0,0.0,0.0,0.0
False,tree_depth12_top70,decision_tree,70,70,"{""class_weight"": ""balanced"", ""max_depth"": 12, ""min_samples_split"": 5}",0.702755905511811,0.705312312758016,0.705130293476834,0.7894384973254228,0.7893125168349917,0.6277553592195516,0.6275503339949297,0.6580459770114943,0.5676470588235294,0.8902439024390244,461.3432999976794,1.1154000021633692,1.0978346477985916,1.0,567.0,12.0,69.0,10.858,70.0,100.0,4023.0,1016.0,0.0,0.0,0.0,0.0,0.0,0.0,0.0,0.0,0.0,0.0,0.0,0.0,0.0,0.0,0.0,0.0,0.0,0.0,0.0,0.0,0.0,0.0
