seed,window_packets,step_packets,train_files,test_files,train_windows,test_windows,selected_subcarrier_count,selected_feature_count,model_name,family,top_k,top_k_sort,parameters_json,accuracy,macro_f1,weighted_f1,roc_auc_ovr_macro,roc_auc_ovr_weighted,average_precision_macro,average_precision_weighted,empty_f1,static_presence_f1,movement_f1,fit_time_ms,prediction_time_ms,prediction_time_us_per_window,test_samples,actual_tree_count,actual_node_count,actual_max_depth,used_feature_count,mean_comparisons_per_prediction
7,100,25,240,60,4026,1013,96,30,gradient_boosting_depth3_20_top30,gradient_boosting,30,30,"{""learning_rate"": 0.1, ""max_depth"": 3, ""n_estimators"": 20}",0.7166831194471865,0.7017169349065142,0.7015247011757783,0.8631075905560421,0.8629929273596219,0.729636638272186,0.7294200566963515,0.7268170426065163,0.48188405797101447,0.8964497041420119,2528.686800000287,3.813700001046527,3.7647581451594543,1013,60,900,3,30,180.0
7,100,25,240,60,4026,1013,96,50,gradient_boosting_depth3_20_top50,gradient_boosting,50,50,"{""learning_rate"": 0.1, ""max_depth"": 3, ""n_estimators"": 20}",0.7058242843040474,0.6948346809680831,0.6946388859106143,0.8623151816973623,0.862197879462668,0.7334002027279998,0.7331797792310288,0.7078507078507078,0.4834782608695652,0.8931750741839762,4054.733999997552,5.713499998819316,5.640177688864083,1013,60,900,3,45,180.0
7,100,25,240,60,4026,1013,96,70,gradient_boosting_depth3_20_top70,gradient_boosting,70,70,"{""learning_rate"": 0.1, ""max_depth"": 3, ""n_estimators"": 20}",0.700888450148075,0.6908269537988415,0.6906285086872391,0.8676635510372099,0.8675524298517692,0.7468694035802609,0.7466667432818274,0.6987012987012987,0.4819277108433735,0.8918518518518519,5631.241499999305,4.0962999992189,4.043731489850839,1013,60,900,3,59,180.0
7,100,25,240,60,4026,1013,96,100,gradient_boosting_depth3_20_top100,gradient_boosting,100,100,"{""learning_rate"": 0.1, ""max_depth"": 3, ""n_estimators"": 20}",0.8371174728529122,0.8361462519854329,0.8360577329609971,0.9468419400619051,0.9468041669127552,0.893652449624657,0.8935899568442132,0.8248587570621468,0.7577639751552795,0.9258160237388724,7896.291400000337,4.139099997701123,4.085982228727664,1013,60,900,3,64,180.0
7,100,25,240,60,4026,1013,96,126,gradient_boosting_depth3_20_top126,gradient_boosting,126,126,"{""learning_rate"": 0.1, ""max_depth"": 3, ""n_estimators"": 20}",0.8509378084896347,0.8499025831469647,0.8498159268026472,0.9529855308459889,0.9529509581662364,0.913757439856797,0.913696503718628,0.8394366197183099,0.7725856697819314,0.9376854599406528,9888.040400001046,4.450799999176525,4.393682131467448,1013,60,900,3,76,180.0
7,100,25,240,60,4026,1013,96,160,gradient_boosting_depth3_20_top160,gradient_boosting,160,160,"{""learning_rate"": 0.1, ""max_depth"": 3, ""n_estimators"": 20}",0.8390918065153011,0.8374865313425573,0.8374047273435856,0.9437654602788134,0.9437237639808069,0.8899864069219454,0.8899046531877006,0.8366197183098592,0.7554858934169278,0.9203539823008849,12365.02670000118,4.650199996831361,4.590523195292558,1013,60,900,3,91,180.0
7,100,25,240,60,4026,1013,96,1056,gradient_boosting_depth3_20_topall,gradient_boosting,all,1056,"{""learning_rate"": 0.1, ""max_depth"": 3, ""n_estimators"": 20}",0.84106614017769,0.8402957312545555,0.8402169330196683,0.9555738400712911,0.9555401628489942,0.9190138859251419,0.9189535215330737,0.837410071942446,0.7633587786259542,0.9201183431952663,81853.77719999815,11.64259999859496,11.49318854747775,1013,60,900,3,171,180.0
7,100,25,240,60,4026,1013,96,30,xgboost_depth3_20_top30,xgboost,30,30,"{""colsample_bytree"": 1.0, ""learning_rate"": 0.1, ""max_depth"": 3, ""min_child_weight"": 1, ""n_estimators"": 20, ""reg_lambda"": 1.0, ""subsample"": 1.0, ""tree_method"": ""hist""}",0.7087857847976308,0.6826003287189067,0.6823880281364838,0.8717406761433999,0.8716318616261663,0.7401997692498022,0.7399802454834494,0.7255369928400954,0.4246031746031746,0.8976608187134503,144.33659999849624,3.353899999638088,3.3108588347858716,1013,60,900,3,25,180.0
7,100,25,240,60,4026,1013,96,50,xgboost_depth3_20_top50,xgboost,50,50,"{""colsample_bytree"": 1.0, ""learning_rate"": 0.1, ""max_depth"": 3, ""min_child_weight"": 1, ""n_estimators"": 20, ""reg_lambda"": 1.0, ""subsample"": 1.0, ""tree_method"": ""hist""}",0.7068114511352419,0.6799687420166277,0.6797538436190987,0.8679131352189254,0.8677998424600294,0.7371836797409443,0.7369601153976866,0.7264038231780168,0.4158415841584158,0.8976608187134503,212.0487000029243,3.5975999999209307,3.5514313918271774,1013,60,896,3,42,179.74895397489541
7,100,25,240,60,4026,1013,96,70,xgboost_depth3_20_top70,xgboost,70,70,"{""colsample_bytree"": 1.0, ""learning_rate"": 0.1, ""max_depth"": 3, ""min_child_weight"": 1, ""n_estimators"": 20, ""reg_lambda"": 1.0, ""subsample"": 1.0, ""tree_method"": ""hist""}",0.7186574531095755,0.6975251279495578,0.6973217877284519,0.8668068223029038,0.8666930679167753,0.745855848704009,0.7456424292261916,0.7310513447432763,0.4580152671755725,0.9035087719298246,287.3360999983561,4.01390000115498,3.9623889448716483,1013,60,900,3,49,180.0
7,100,25,240,60,4026,1013,96,100,xgboost_depth3_20_top100,xgboost,100,100,"{""colsample_bytree"": 1.0, ""learning_rate"": 0.1, ""max_depth"": 3, ""min_child_weight"": 1, ""n_estimators"": 20, ""reg_lambda"": 1.0, ""subsample"": 1.0, ""tree_method"": ""hist""}",0.8331688055281342,0.8299553678356252,0.8298625531857223,0.944963967473288,0.944922524819252,0.8955459450818254,0.8954754923501804,0.8285322359396433,0.7373572593800979,0.9239766081871345,414.0646000014385,4.341899999417365,4.286179663788119,1013,60,894,3,54,179.62264150943395
7,100,25,240,60,4026,1013,96,126,xgboost_depth3_20_top126,xgboost,126,126,"{""colsample_bytree"": 1.0, ""learning_rate"": 0.1, ""max_depth"": 3, ""min_child_weight"": 1, ""n_estimators"": 20, ""reg_lambda"": 1.0, ""subsample"": 1.0, ""tree_method"": ""hist""}",0.8371174728529122,0.8347376648164536,0.8346482356316826,0.9530136263538074,0.9529784097549303,0.916282190843817,0.9162220305221164,0.83008356545961,0.7488,0.9253294289897511,520.2367999991111,6.148699998448137,6.069792693433501,1013,60,892,3,67,179.49579831932772
7,100,25,240,60,4026,1013,96,160,xgboost_depth3_20_top160,xgboost,160,160,"{""colsample_bytree"": 1.0, ""learning_rate"": 0.1, ""max_depth"": 3, ""min_child_weight"": 1, ""n_estimators"": 20, ""reg_lambda"": 1.0, ""subsample"": 1.0, ""tree_method"": ""hist""}",0.8311944718657454,0.8288098332208711,0.8287174429562293,0.9444540928593277,0.9444120992082115,0.891679536004025,0.8915980636731494,0.8251748251748252,0.7388535031847133,0.9224011713030746,673.04520000107,9.012200000142911,8.896544916231896,1013,60,890,3,82,179.3684210526316
7,100,25,240,60,4026,1013,96,1056,xgboost_depth3_20_topall,xgboost,all,1056,"{""colsample_bytree"": 1.0, ""learning_rate"": 0.1, ""max_depth"": 3, ""min_child_weight"": 1, ""n_estimators"": 20, ""reg_lambda"": 1.0, ""subsample"": 1.0, ""tree_method"": ""hist""}",0.8390918065153011,0.8373238286248363,0.8372432020714099,0.9533982081391348,0.9533627081990663,0.9174375705946242,0.917377208289336,0.8382559774964838,0.7547169811320755,0.9189985272459499,4841.207600002235,18.34679999956279,18.111352418127137,1013,60,896,3,148,179.74895397489541
13,100,25,240,60,4028,1011,94,30,gradient_boosting_depth3_20_top30,gradient_boosting,30,30,"{""learning_rate"": 0.1, ""max_depth"": 3, ""n_estimators"": 20}",0.6785361028684471,0.6563374325338218,0.6566295333068395,0.8408553587246458,0.8410313178425711,0.6963137893555511,0.6965366377023549,0.7055702917771883,0.41025641025641024,0.853185595567867,2468.7690999999177,3.5480000005918555,3.509396637578492,1011,60,900,3,30,180.0
13,100,25,240,60,4028,1011,94,50,gradient_boosting_depth3_20_top50,gradient_boosting,50,50,"{""learning_rate"": 0.1, ""max_depth"": 3, ""n_estimators"": 20}",0.658753709198813,0.6318660680545412,0.6321994347192389,0.8327928979200081,0.8329772324019831,0.6805268397241995,0.6807730626235914,0.6935064935064935,0.35647279549718575,0.8456189151599444,4063.2415000000037,3.8253999991866294,3.7837784363863793,1011,60,900,3,46,180.0
13,100,25,240,60,4028,1011,94,70,gradient_boosting_depth3_20_top70,gradient_boosting,70,70,"{""learning_rate"": 0.1, ""max_depth"": 3, ""n_estimators"": 20}",0.7863501483679525,0.7815077619799734,0.7816824535120818,0.9056035010555279,0.9057468840981139,0.8464230004893841,0.8465337274411374,0.8357771260997068,0.6591639871382636,0.8495821727019499,5601.543100001436,3.9704000009805895,3.9272007922656673,1011,60,900,3,59,180.0
13,100,25,240,60,4028,1011,94,100,gradient_boosting_depth3_20_top100,gradient_boosting,100,100,"{""learning_rate"": 0.1, ""max_depth"": 3, ""n_estimators"": 20}",0.8348170128585559,0.8319180241936327,0.8320506475916121,0.9400087178078061,0.9401165904938921,0.9073632187316867,0.9074728069298083,0.8781204111600588,0.7440381558028617,0.8735955056179775,7932.699400000274,4.282899997633649,4.2363006900431746,1011,60,898,3,69,179.998
13,100,25,240,60,4028,1011,94,126,gradient_boosting_depth3_20_top126,gradient_boosting,126,126,"{""learning_rate"": 0.1, ""max_depth"": 3, ""n_estimators"": 20}",0.8427299703264095,0.8386064426747063,0.8387410441614266,0.9410587844773849,0.9411621713548589,0.9083270788762681,0.9084341045588583,0.8856729377713459,0.7495908346972177,0.8805555555555555,9864.226399997278,4.499299997405615,4.450346189323061,1011,60,898,3,73,180.0
13,100,25,240,60,4028,1011,94,160,gradient_boosting_depth3_20_top160,gradient_boosting,160,160,"{""learning_rate"": 0.1, ""max_depth"": 3, ""n_estimators"": 20}",0.8387734915924827,0.8340498612160842,0.8341963256679169,0.9457383174965219,0.9458338102278171,0.9211539419644633,0.9212573204711688,0.8885714285714286,0.740495867768595,0.8730822873082287,12423.974699999235,4.859500000748085,4.806627102619273,1011,60,900,3,84,180.0
13,100,25,240,60,4028,1011,94,1034,gradient_boosting_depth3_20_topall,gradient_boosting,all,1034,"{""learning_rate"": 0.1, ""max_depth"": 3, ""n_estimators"": 20}",0.837784371909001,0.8353479537824172,0.8354770507106557,0.9514273588291751,0.9515064701387946,0.9257513013059185,0.9258431882276289,0.8813056379821959,0.750788643533123,0.8739495798319328,80377.09850000101,13.26830000107293,13.123936697401513,1011,60,900,3,164,180.0
13,100,25,240,60,4028,1011,94,30,xgboost_depth3_20_top30,xgboost,30,30,"{""colsample_bytree"": 1.0, ""learning_rate"": 0.1, ""max_depth"": 3, ""min_child_weight"": 1, ""n_estimators"": 20, ""reg_lambda"": 1.0, ""subsample"": 1.0, ""tree_method"": ""hist""}",0.6666666666666666,0.6297776703034096,0.6301584501700856,0.8389057242913655,0.8390831546158254,0.6953873326457098,0.6956167858300364,0.7142857142857143,0.3293172690763052,0.8457300275482094,148.9116999982798,3.280500000983011,3.2448071226340365,1011,60,894,3,27,179.62264150943395
13,100,25,240,60,4028,1011,94,50,xgboost_depth3_20_top50,xgboost,50,50,"{""colsample_bytree"": 1.0, ""learning_rate"": 0.1, ""max_depth"": 3, ""min_child_weight"": 1, ""n_estimators"": 20, ""reg_lambda"": 1.0, ""subsample"": 1.0, ""tree_method"": ""hist""}",0.6636993076162215,0.6265413315394257,0.6269305165871286,0.839045503370892,0.8392251404324044,0.6927197270248536,0.6929838072224273,0.714107365792759,0.32064128256513025,0.8448753462603878,217.67060000274796,3.6761999981536064,3.636201778589126,1011,60,900,3,40,180.0
13,100,25,240,60,4028,1011,94,70,xgboost_depth3_20_top70,xgboost,70,70,"{""colsample_bytree"": 1.0, ""learning_rate"": 0.1, ""max_depth"": 3, ""min_child_weight"": 1, ""n_estimators"": 20, ""reg_lambda"": 1.0, ""subsample"": 1.0, ""tree_method"": ""hist""}",0.7962413452027696,0.7894909193312007,0.7896722877377124,0.9097773280604647,0.909914566301173,0.8547339070484558,0.854851992801041,0.8489208633093526,0.6655574043261231,0.8539944903581267,298.65179999978864,4.133399997954257,4.088427297679779,1011,60,900,3,46,180.0
13,100,25,240,60,4028,1011,94,100,xgboost_depth3_20_top100,xgboost,100,100,"{""colsample_bytree"": 1.0, ""learning_rate"": 0.1, ""max_depth"": 3, ""min_child_weight"": 1, ""n_estimators"": 20, ""reg_lambda"": 1.0, ""subsample"": 1.0, ""tree_method"": ""hist""}",0.8545994065281899,0.8510419626787913,0.851167886412295,0.9377233796127654,0.9378378746841659,0.9028157930710491,0.9029264836529101,0.8985507246376812,0.7712418300653595,0.8833333333333333,478.3296999994491,4.468000002816552,4.4193867485821485,1011,60,896,3,52,179.74895397489541
13,100,25,240,60,4028,1011,94,126,xgboost_depth3_20_top126,xgboost,126,126,"{""colsample_bytree"": 1.0, ""learning_rate"": 0.1, ""max_depth"": 3, ""min_child_weight"": 1, ""n_estimators"": 20, ""reg_lambda"": 1.0, ""subsample"": 1.0, ""tree_method"": ""hist""}",0.8516320474777448,0.8467441580118115,0.8468774769866959,0.9395084752776262,0.9396159646112072,0.9105397191642418,0.9106461636243369,0.8939828080229226,0.7591973244147158,0.8870523415977961,514.7512999974424,4.856399998971028,4.803560829842758,1011,60,894,3,66,179.62264150943395
13,100,25,240,60,4028,1011,94,160,xgboost_depth3_20_top160,xgboost,160,160,"{""colsample_bytree"": 1.0, ""learning_rate"": 0.1, ""max_depth"": 3, ""min_child_weight"": 1, ""n_estimators"": 20, ""reg_lambda"": 1.0, ""subsample"": 1.0, ""tree_method"": ""hist""}",0.8417408506429278,0.8359212070550601,0.8360639515150144,0.9422153730566153,0.9423184217926476,0.9165131834950434,0.9166137231533896,0.8854314002828855,0.7411167512690355,0.8812154696132597,667.5180999991426,5.798099999083206,5.735014835888434,1011,60,896,3,82,179.74895397489541
13,100,25,240,60,4028,1011,94,1034,xgboost_depth3_20_topall,xgboost,all,1034,"{""colsample_bytree"": 1.0, ""learning_rate"": 0.1, ""max_depth"": 3, ""min_child_weight"": 1, ""n_estimators"": 20, ""reg_lambda"": 1.0, ""subsample"": 1.0, ""tree_method"": ""hist""}",0.8427299703264095,0.8392161088564976,0.8393449058843149,0.9521863947301531,0.952267810089665,0.928780468322009,0.9288706094273527,0.8830409356725146,0.752827140549273,0.8817802503477051,4805.002000000968,18.256299998029135,18.057665675597562,1011,60,900,3,129,180.0
21,100,25,240,60,4033,1006,96,30,gradient_boosting_depth3_20_top30,gradient_boosting,30,30,"{""learning_rate"": 0.1, ""max_depth"": 3, ""n_estimators"": 20}",0.7067594433399602,0.6811330231837588,0.6837130367485125,0.8531956000300959,0.8544516836962102,0.7051360106132454,0.7067636163444041,0.7327478042659975,0.43190661478599224,0.8787446504992867,2487.510700000712,3.723300000274321,3.701093439636502,1006,60,900,3,29,180.0
21,100,25,240,60,4033,1006,96,50,gradient_boosting_depth3_20_top50,gradient_boosting,50,50,"{""learning_rate"": 0.1, ""max_depth"": 3, ""n_estimators"": 20}",0.7107355864811133,0.6888902816472212,0.6913064551122384,0.8595200719015402,0.8607543568732468,0.7195389221566962,0.7209451688962953,0.7282051282051282,0.45368620037807184,0.8847795163584637,4024.550800000725,4.060100000060629,4.035884691909174,1006,60,900,3,46,180.0
21,100,25,240,60,4033,1006,96,70,gradient_boosting_depth3_20_top70,gradient_boosting,70,70,"{""learning_rate"": 0.1, ""max_depth"": 3, ""n_estimators"": 20}",0.7584493041749503,0.7332730957259187,0.7354757042713497,0.9086521341851599,0.9095218799634587,0.8293024821216491,0.8303588367594235,0.7861557478368356,0.5222672064777328,0.8913963328631875,5566.010700000334,4.161100001510931,4.136282307664941,1006,60,894,3,53,180.0
21,100,25,240,60,4033,1006,96,100,gradient_boosting_depth3_20_top100,gradient_boosting,100,100,"{""learning_rate"": 0.1, ""max_depth"": 3, ""n_estimators"": 20}",0.7972166998011928,0.7863755553970213,0.7877809400708967,0.9250898712015774,0.9257191881515424,0.8603239176972303,0.8608624284687356,0.8036649214659686,0.6484517304189436,0.9070100143061517,7858.67860000144,4.125799998291768,4.101192841244302,1006,60,898,3,60,180.0
21,100,25,240,60,4033,1006,96,126,gradient_boosting_depth3_20_top126,gradient_boosting,126,126,"{""learning_rate"": 0.1, ""max_depth"": 3, ""n_estimators"": 20}",0.8081510934393639,0.7996465350208523,0.8009191562905414,0.9346826638210471,0.9352233137789895,0.8686213250791114,0.8689729614204688,0.8105263157894737,0.6737967914438503,0.914616497829233,9846.801899999264,4.80260000040289,4.773956262825934,1006,60,898,3,74,180.0
21,100,25,240,60,4033,1006,96,160,gradient_boosting_depth3_20_top160,gradient_boosting,160,160,"{""learning_rate"": 0.1, ""max_depth"": 3, ""n_estimators"": 20}",0.8101391650099403,0.8016242381541844,0.8028661135742995,0.9380618871963127,0.9385653913348839,0.8809901174029143,0.8815158712368137,0.8052631578947368,0.6774193548387096,0.9221902017291066,12665.846500000043,4.859600001509534,4.8306163036874095,1006,60,898,3,88,180.0
21,100,25,240,60,4033,1006,96,1056,gradient_boosting_depth3_20_topall,gradient_boosting,all,1056,"{""learning_rate"": 0.1, ""max_depth"": 3, ""n_estimators"": 20}",0.8250497017892644,0.817511263708404,0.8186258691926843,0.952304314326654,0.9526667427472154,0.9101216086456697,0.9105538021904349,0.8263157894736842,0.7071428571428572,0.9190751445086706,81622.43280000257,11.55550000112271,11.486580518014621,1006,60,898,3,167,180.0
21,100,25,240,60,4033,1006,96,30,xgboost_depth3_20_top30,xgboost,30,30,"{""colsample_bytree"": 1.0, ""learning_rate"": 0.1, ""max_depth"": 3, ""min_child_weight"": 1, ""n_estimators"": 20, ""reg_lambda"": 1.0, ""subsample"": 1.0, ""tree_method"": ""hist""}",0.7157057654075547,0.6795020921304942,0.6823588204348047,0.8576033115654118,0.8587874515237383,0.7148880409063594,0.7165231557870803,0.7442424242424243,0.4050632911392405,0.8892005610098177,150.11220000087633,3.253700000641402,3.234294235230022,1006,60,900,3,29,180.0
21,100,25,240,60,4033,1006,96,50,xgboost_depth3_20_top50,xgboost,50,50,"{""colsample_bytree"": 1.0, ""learning_rate"": 0.1, ""max_depth"": 3, ""min_child_weight"": 1, ""n_estimators"": 20, ""reg_lambda"": 1.0, ""subsample"": 1.0, ""tree_method"": ""hist""}",0.6908548707753479,0.6575888534054877,0.6605094869835068,0.861531731879816,0.862709758223618,0.7199208350937472,0.7215441972996849,0.7086419753086419,0.37398373983739835,0.8901408450704226,222.23220000159927,3.686500000185333,3.6645129226494366,1006,60,896,3,39,179.74895397489541
21,100,25,240,60,4033,1006,96,70,xgboost_depth3_20_top70,xgboost,70,70,"{""colsample_bytree"": 1.0, ""learning_rate"": 0.1, ""max_depth"": 3, ""min_child_weight"": 1, ""n_estimators"": 20, ""reg_lambda"": 1.0, ""subsample"": 1.0, ""tree_method"": ""hist""}",0.7475149105367793,0.7139361002795296,0.7164236874019485,0.911496800810777,0.9122752248916307,0.8325532178778271,0.833537146583041,0.782608695652174,0.4774193548387097,0.8817802503477051,294.20810000010533,4.247500000928994,4.222166998935382,1006,60,878,3,46,178.59275053304904
21,100,25,240,60,4033,1006,96,100,xgboost_depth3_20_top100,xgboost,100,100,"{""colsample_bytree"": 1.0, ""learning_rate"": 0.1, ""max_depth"": 3, ""min_child_weight"": 1, ""n_estimators"": 20, ""reg_lambda"": 1.0, ""subsample"": 1.0, ""tree_method"": ""hist""}",0.8011928429423459,0.7867213057573297,0.7882467939816753,0.9182896791355079,0.9189614033166713,0.8429359399573029,0.8434150454195306,0.806615776081425,0.6372360844529751,0.9163120567375886,428.27930000203196,4.305399997974746,4.279721667966944,1006,60,900,3,55,180.0
21,100,25,240,60,4033,1006,96,126,xgboost_depth3_20_top126,xgboost,126,126,"{""colsample_bytree"": 1.0, ""learning_rate"": 0.1, ""max_depth"": 3, ""min_child_weight"": 1, ""n_estimators"": 20, ""reg_lambda"": 1.0, ""subsample"": 1.0, ""tree_method"": ""hist""}",0.8021868787276342,0.7879164017477861,0.7894335097676115,0.9264286446821308,0.92705778223869,0.8544236704557086,0.8548106736738638,0.8106734434561627,0.6398467432950191,0.9132290184921764,522.9867000016384,6.8232000012358185,6.782504971407374,1006,60,900,3,64,180.0
21,100,25,240,60,4033,1006,96,160,xgboost_depth3_20_top160,xgboost,160,160,"{""colsample_bytree"": 1.0, ""learning_rate"": 0.1, ""max_depth"": 3, ""min_child_weight"": 1, ""n_estimators"": 20, ""reg_lambda"": 1.0, ""subsample"": 1.0, ""tree_method"": ""hist""}",0.7952286282306164,0.7814577628111463,0.7829683883711597,0.935997323812836,0.9365030951700853,0.8823676541479498,0.882977497723697,0.7959183673469388,0.6323809523809524,0.9160739687055477,681.4845000008063,6.066900001314934,6.030715707072499,1006,60,900,3,79,180.0
21,100,25,240,60,4033,1006,96,1056,xgboost_depth3_20_topall,xgboost,all,1056,"{""colsample_bytree"": 1.0, ""learning_rate"": 0.1, ""max_depth"": 3, ""min_child_weight"": 1, ""n_estimators"": 20, ""reg_lambda"": 1.0, ""subsample"": 1.0, ""tree_method"": ""hist""}",0.8071570576540755,0.7942512003754721,0.7956523000498514,0.9486523407775254,0.9490694961994002,0.9064737625610985,0.9069817891440743,0.8101910828025478,0.6564885496183206,0.9160739687055477,4699.373400002514,18.29389999693376,18.184791249437136,1006,60,900,3,144,180.0
42,100,25,240,60,4023,1016,100,30,gradient_boosting_depth3_20_top30,gradient_boosting,30,30,"{""learning_rate"": 0.1, ""max_depth"": 3, ""n_estimators"": 20}",0.7706692913385826,0.7574434371746323,0.7572687978511133,0.9025923823077052,0.9025110879359614,0.8068737707908248,0.8067169604677606,0.7613065326633166,0.5761467889908257,0.934876989869754,2513.7371999990137,3.5845999991579447,3.5281496054704182,1016,60,900,3,30,180.0
42,100,25,240,60,4023,1016,100,50,gradient_boosting_depth3_20_top50,gradient_boosting,50,50,"{""learning_rate"": 0.1, ""max_depth"": 3, ""n_estimators"": 20}",0.7549212598425197,0.7392324187860683,0.739039855231852,0.9000548939380811,0.8999713447040869,0.7960915540928708,0.7959259847269433,0.7434944237918215,0.5393258426966292,0.934876989869754,4026.485899998079,3.830900001048576,3.770570867173795,1016,60,898,3,48,180.0
42,100,25,240,60,4023,1016,100,70,gradient_boosting_depth3_20_top70,gradient_boosting,70,70,"{""learning_rate"": 0.1, ""max_depth"": 3, ""n_estimators"": 20}",0.7667322834645669,0.7514690764569525,0.7512841972424598,0.9021303804230222,0.9020488997604924,0.8049522924413384,0.8047938381379626,0.754950495049505,0.5601503759398496,0.9393063583815029,5569.732399999339,3.757500002393499,3.6983267740093493,1016,60,900,3,60,180.0
42,100,25,240,60,4023,1016,100,100,gradient_boosting_depth3_20_top100,gradient_boosting,100,100,"{""learning_rate"": 0.1, ""max_depth"": 3, ""n_estimators"": 20}",0.859251968503937,0.8575029070224488,0.8574129442247453,0.9473296237136931,0.9472865745909484,0.895483694494262,0.895394070876295,0.8419580419580419,0.7816455696202531,0.948905109489051,7831.350599997677,4.063599997607525,3.9996062968578006,1016,60,900,3,64,180.0
42,100,25,240,60,4023,1016,100,126,gradient_boosting_depth3_20_top126,gradient_boosting,126,126,"{""learning_rate"": 0.1, ""max_depth"": 3, ""n_estimators"": 20}",0.8671259842519685,0.8648974748091889,0.8648119164010106,0.9526570218137347,0.9526164244640791,0.9004668671303393,0.9003787616522096,0.8532235939643347,0.7896440129449838,0.9518248175182482,9808.208500002365,4.515199998422759,4.4440944866365735,1016,60,900,3,77,180.0
42,100,25,240,60,4023,1016,100,160,gradient_boosting_depth3_20_top160,gradient_boosting,160,160,"{""learning_rate"": 0.1, ""max_depth"": 3, ""n_estimators"": 20}",0.8671259842519685,0.8648134361864926,0.8647249213347594,0.9534698536167094,0.9534310956805293,0.9075185244634976,0.9074402791863388,0.8501362397820164,0.7895595432300163,0.9547445255474453,12644.880100000591,4.886200000328245,4.809251968827012,1016,60,900,3,89,180.0
42,100,25,240,60,4023,1016,100,1100,gradient_boosting_depth3_20_topall,gradient_boosting,all,1100,"{""learning_rate"": 0.1, ""max_depth"": 3, ""n_estimators"": 20}",0.8799212598425197,0.8783907397135917,0.8783159819530266,0.9545641872853784,0.954528078407429,0.9070764749262735,0.9069961586907155,0.8693259972489684,0.8115015974440895,0.9543446244477173,84942.30170000083,10.894799997913651,10.7232283444032,1016,60,900,3,170,180.0
42,100,25,240,60,4023,1016,100,30,xgboost_depth3_20_top30,xgboost,30,30,"{""colsample_bytree"": 1.0, ""learning_rate"": 0.1, ""max_depth"": 3, ""min_child_weight"": 1, ""n_estimators"": 20, ""reg_lambda"": 1.0, ""subsample"": 1.0, ""tree_method"": ""hist""}",0.764763779527559,0.7458542576667431,0.7456666967146719,0.9072116867645935,0.9071336826743144,0.8213179487968505,0.8211708042201294,0.7602905569007264,0.5408560311284046,0.9364161849710982,147.72649999940768,3.2259999970847275,3.175196847524338,1016,60,898,3,29,179.87473903966597
42,100,25,240,60,4023,1016,100,50,xgboost_depth3_20_top50,xgboost,50,50,"{""colsample_bytree"": 1.0, ""learning_rate"": 0.1, ""max_depth"": 3, ""min_child_weight"": 1, ""n_estimators"": 20, ""reg_lambda"": 1.0, ""subsample"": 1.0, ""tree_method"": ""hist""}",0.7509842519685039,0.7288000948031278,0.7285915656623028,0.9053086636803491,0.9052295080904197,0.8107302166309657,0.8105777088534822,0.7437425506555423,0.50199203187251,0.9406657018813314,211.93399999901885,3.5314999986439943,3.475885825437002,1016,60,896,3,42,179.74895397489541
42,100,25,240,60,4023,1016,100,70,xgboost_depth3_20_top70,xgboost,70,70,"{""colsample_bytree"": 1.0, ""learning_rate"": 0.1, ""max_depth"": 3, ""min_child_weight"": 1, ""n_estimators"": 20, ""reg_lambda"": 1.0, ""subsample"": 1.0, ""tree_method"": ""hist""}",0.7509842519685039,0.727311564833652,0.7271108556536746,0.9016283447704908,0.9015453713984011,0.8067599404672797,0.8066003940224481,0.7497005988023953,0.501002004008016,0.9312320916905444,294.6678000007523,3.8726000020687934,3.8116141752645603,1016,60,896,3,57,179.74895397489541
42,100,25,240,60,4023,1016,100,100,xgboost_depth3_20_top100,xgboost,100,100,"{""colsample_bytree"": 1.0, ""learning_rate"": 0.1, ""max_depth"": 3, ""min_child_weight"": 1, ""n_estimators"": 20, ""reg_lambda"": 1.0, ""subsample"": 1.0, ""tree_method"": ""hist""}",0.8533464566929134,0.8503389955672113,0.8502442416783907,0.9506780091249576,0.9506371131957482,0.9015993106028048,0.9015139563652168,0.8381742738589212,0.7662337662337663,0.9466089466089466,430.69629999808967,4.2987000015273225,4.231003938511144,1016,60,888,3,58,179.2405063291139
42,100,25,240,60,4023,1016,100,126,xgboost_depth3_20_top126,xgboost,126,126,"{""colsample_bytree"": 1.0, ""learning_rate"": 0.1, ""max_depth"": 3, ""min_child_weight"": 1, ""n_estimators"": 20, ""reg_lambda"": 1.0, ""subsample"": 1.0, ""tree_method"": ""hist""}",0.8681102362204725,0.8653543267317145,0.8652659574844916,0.9515916096579193,0.9515515485173182,0.9013463037495218,0.9012598725420181,0.852054794520548,0.7888707037643208,0.9551374819102749,518.1832999987819,4.71079999988433,4.636614173114498,1016,60,894,3,69,179.62264150943395
42,100,25,240,60,4023,1016,100,160,xgboost_depth3_20_top160,xgboost,160,160,"{""colsample_bytree"": 1.0, ""learning_rate"": 0.1, ""max_depth"": 3, ""min_child_weight"": 1, ""n_estimators"": 20, ""reg_lambda"": 1.0, ""subsample"": 1.0, ""tree_method"": ""hist""}",0.8641732283464567,0.8614822409476752,0.8613903176871379,0.9500109128703725,0.9499702365237639,0.9053211498610093,0.9052406773245539,0.8466757123473542,0.7828947368421053,0.9548762736535662,672.3409999976866,6.812100000388455,6.704822835028007,1016,60,894,3,86,179.62264150943395
42,100,25,240,60,4023,1016,100,1100,xgboost_depth3_20_topall,xgboost,all,1100,"{""colsample_bytree"": 1.0, ""learning_rate"": 0.1, ""max_depth"": 3, ""min_child_weight"": 1, ""n_estimators"": 20, ""reg_lambda"": 1.0, ""subsample"": 1.0, ""tree_method"": ""hist""}",0.8809055118110236,0.8786951075206576,0.8786202557312611,0.9513115344235702,0.9512707165819904,0.8986908033917435,0.8986019566804202,0.8715846994535519,0.8097560975609757,0.9547445255474453,5169.269900001382,19.53469999716617,19.22706692634466,1016,60,900,3,154,180.0
84,100,25,240,60,4025,1014,105,30,gradient_boosting_depth3_20_top30,gradient_boosting,30,30,"{""learning_rate"": 0.1, ""max_depth"": 3, ""n_estimators"": 20}",0.7317554240631163,0.7127389223823298,0.7128331851737146,0.8669892650133441,0.8670339579545507,0.7448235640000908,0.7448081025337093,0.7445997458703939,0.5,0.8936170212765957,2468.092600000091,3.54920000245329,3.500197241078195,1014,60,898,3,30,179.998
84,100,25,240,60,4025,1014,105,50,gradient_boosting_depth3_20_top50,gradient_boosting,50,50,"{""learning_rate"": 0.1, ""max_depth"": 3, ""n_estimators"": 20}",0.7287968441814595,0.7118076187576451,0.7118929369308188,0.8642302794209392,0.8642579078416893,0.7340462938638245,0.733992149966982,0.7406451612903225,0.5027322404371585,0.8920454545454546,4015.585799999826,3.6899999977322295,3.6390532522014096,1014,60,898,3,47,179.998
84,100,25,240,60,4025,1014,105,70,gradient_boosting_depth3_20_top70,gradient_boosting,70,70,"{""learning_rate"": 0.1, ""max_depth"": 3, ""n_estimators"": 20}",0.7307692307692307,0.7140904504283995,0.71418805771134,0.8676908597486043,0.8677211732188962,0.7403212740106655,0.740249237767896,0.7470817120622568,0.5072463768115942,0.8879432624113475,5572.4984999978915,3.907500002242159,3.8535502980691905,1014,60,898,3,57,179.998
84,100,25,240,60,4025,1014,105,100,gradient_boosting_depth3_20_top100,gradient_boosting,100,100,"{""learning_rate"": 0.1, ""max_depth"": 3, ""n_estimators"": 20}",0.7840236686390533,0.7742194761457971,0.7742625251911525,0.9092035657124313,0.9092420250674793,0.8384651211769768,0.8383981423075645,0.7887700534759359,0.6260869565217392,0.9078014184397163,8121.808500000043,6.129800000053365,6.045167652912588,1014,60,896,3,66,179.998
84,100,25,240,60,4025,1014,105,126,gradient_boosting_depth3_20_top126,gradient_boosting,126,126,"{""learning_rate"": 0.1, ""max_depth"": 3, ""n_estimators"": 20}",0.8313609467455622,0.8264869675829977,0.8264694927526752,0.9338006975403673,0.9337943808270978,0.8697909082515881,0.869605004554212,0.820580474934037,0.7189097103918228,0.9399707174231332,9940.876999997272,4.609300001902739,4.545660751383371,1014,60,890,3,69,179.994
84,100,25,240,60,4025,1014,105,160,gradient_boosting_depth3_20_top160,gradient_boosting,160,160,"{""learning_rate"": 0.1, ""max_depth"": 3, ""n_estimators"": 20}",0.8441814595660749,0.8403730967814376,0.8403575147879384,0.9450836104355264,0.9450949606075542,0.8951986261306212,0.8951214154195982,0.8351063829787234,0.746218487394958,0.9397944199706314,12457.092499997088,4.718100000900449,4.652958580769674,1014,60,898,3,88,179.998
84,100,25,240,60,4025,1014,105,1155,gradient_boosting_depth3_20_topall,gradient_boosting,all,1155,"{""learning_rate"": 0.1, ""max_depth"": 3, ""n_estimators"": 20}",0.8471400394477318,0.842876062852774,0.8428754433374306,0.9430034822444466,0.9430202184646227,0.8938683441447713,0.8937428899535139,0.8426666666666667,0.7487352445193929,0.9372262773722628,89164.12689999925,13.15690000046743,12.97524654878445,1014,60,900,3,175,180.0
84,100,25,240,60,4025,1014,105,30,xgboost_depth3_20_top30,xgboost,30,30,"{""colsample_bytree"": 1.0, ""learning_rate"": 0.1, ""max_depth"": 3, ""min_child_weight"": 1, ""n_estimators"": 20, ""reg_lambda"": 1.0, ""subsample"": 1.0, ""tree_method"": ""hist""}",0.7317554240631163,0.7080471537740928,0.7081574924164974,0.865175303824066,0.8652182239844418,0.7366501023302211,0.7366606714392947,0.7453416149068323,0.47766990291262135,0.9011299435028248,144.98720000119647,3.2523000008950476,3.207396450586832,1014,60,892,3,29,179.49579831932772
84,100,25,240,60,4025,1014,105,50,xgboost_depth3_20_top50,xgboost,50,50,"{""colsample_bytree"": 1.0, ""learning_rate"": 0.1, ""max_depth"": 3, ""min_child_weight"": 1, ""n_estimators"": 20, ""reg_lambda"": 1.0, ""subsample"": 1.0, ""tree_method"": ""hist""}",0.73767258382643,0.7181533904324878,0.718241114916408,0.8666769454670963,0.8667043198343088,0.7373048425768428,0.7372410961732629,0.7478042659974906,0.5009416195856874,0.9057142857142857,211.78340000187745,3.57119999898714,3.5218934901253847,1014,60,898,3,41,179.87473903966597
84,100,25,240,60,4025,1014,105,70,xgboost_depth3_20_top70,xgboost,70,70,"{""colsample_bytree"": 1.0, ""learning_rate"": 0.1, ""max_depth"": 3, ""min_child_weight"": 1, ""n_estimators"": 20, ""reg_lambda"": 1.0, ""subsample"": 1.0, ""tree_method"": ""hist""}",0.7258382642998028,0.7027609361828371,0.7028711109278584,0.8654308880015545,0.8654556873162831,0.7365216715466952,0.7364444169578787,0.74,0.4674329501915709,0.9008498583569405,294.92499999832944,3.894199999194825,3.8404339242552514,1014,60,900,3,51,180.0
84,100,25,240,60,4025,1014,105,100,xgboost_depth3_20_top100,xgboost,100,100,"{""colsample_bytree"": 1.0, ""learning_rate"": 0.1, ""max_depth"": 3, ""min_child_weight"": 1, ""n_estimators"": 20, ""reg_lambda"": 1.0, ""subsample"": 1.0, ""tree_method"": ""hist""}",0.7790927021696252,0.762802480855458,0.7629019932169303,0.9033561121348374,0.9034097414089135,0.8187408856232653,0.8187119957669969,0.7964376590330788,0.5880149812734082,0.903954802259887,417.6289999995788,4.297899999073707,4.238560156877423,1014,60,878,3,48,178.59275053304904
84,100,25,240,60,4025,1014,105,126,xgboost_depth3_20_top126,xgboost,126,126,"{""colsample_bytree"": 1.0, ""learning_rate"": 0.1, ""max_depth"": 3, ""min_child_weight"": 1, ""n_estimators"": 20, ""reg_lambda"": 1.0, ""subsample"": 1.0, ""tree_method"": ""hist""}",0.8274161735700197,0.821109674217821,0.8211104799385454,0.9336396153734757,0.9336403660665268,0.8692614517359485,0.8691099595380171,0.8213820078226858,0.7060869565217391,0.9358600583090378,520.6756999978097,5.951900002401089,5.86972386824565,1014,60,898,3,49,179.87473903966597
84,100,25,240,60,4025,1014,105,160,xgboost_depth3_20_top160,xgboost,160,160,"{""colsample_bytree"": 1.0, ""learning_rate"": 0.1, ""max_depth"": 3, ""min_child_weight"": 1, ""n_estimators"": 20, ""reg_lambda"": 1.0, ""subsample"": 1.0, ""tree_method"": ""hist""}",0.8362919132149902,0.8303835249065573,0.830387751920269,0.9415427667282105,0.9415514821134527,0.8842096150703619,0.8840918773558427,0.8318122555410691,0.7234782608695652,0.9358600583090378,672.7093000008608,6.509499999083346,6.419625245644325,1014,60,898,3,75,179.87473903966597
84,100,25,240,60,4025,1014,105,1155,xgboost_depth3_20_topall,xgboost,all,1155,"{""colsample_bytree"": 1.0, ""learning_rate"": 0.1, ""max_depth"": 3, ""min_child_weight"": 1, ""n_estimators"": 20, ""reg_lambda"": 1.0, ""subsample"": 1.0, ""tree_method"": ""hist""}",0.8520710059171598,0.848009211294244,0.8480147046091802,0.9411858491341958,0.9412052517532336,0.8872805905872186,0.8871618643885459,0.8498659517426274,0.7596638655462185,0.9344978165938864,5192.791400000715,19.857599996612407,19.583431949321902,1014,60,892,3,137,179.49579831932772
126,100,25,240,60,4028,1011,99,30,gradient_boosting_depth3_20_top30,gradient_boosting,30,30,"{""learning_rate"": 0.1, ""max_depth"": 3, ""n_estimators"": 20}",0.6498516320474778,0.6192080828080148,0.6192080828080148,0.8047926811013569,0.8047926811013569,0.6366820495371935,0.6366820495371935,0.7072243346007605,0.32504780114722753,0.8253521126760563,2517.961400000786,3.676899999845773,3.6368941640413186,1011,60,900,3,29,180.0
126,100,25,240,60,4028,1011,99,50,gradient_boosting_depth3_20_top50,gradient_boosting,50,50,"{""learning_rate"": 0.1, ""max_depth"": 3, ""n_estimators"": 20}",0.6597428288822947,0.6292032037542007,0.6292032037542007,0.807140739697159,0.8071407396971592,0.6370239509438428,0.6370239509438428,0.7206068268015171,0.3416506717850288,0.8253521126760563,4158.3787999989,3.6896999990858603,3.6495548952382397,1011,60,900,3,42,180.0
126,100,25,240,60,4028,1011,99,70,gradient_boosting_depth3_20_top70,gradient_boosting,70,70,"{""learning_rate"": 0.1, ""max_depth"": 3, ""n_estimators"": 20}",0.6429277942631059,0.6103102560445065,0.6103102560445064,0.8031930661829666,0.8031930661829666,0.6336838491783184,0.6336838491783184,0.6994949494949495,0.3044315992292871,0.8270042194092827,5549.1495999995095,3.866299997753231,3.824233430022978,1011,60,900,3,56,180.0
126,100,25,240,60,4028,1011,99,100,gradient_boosting_depth3_20_top100,gradient_boosting,100,100,"{""learning_rate"": 0.1, ""max_depth"": 3, ""n_estimators"": 20}",0.7774480712166172,0.7673372188058588,0.7673372188058588,0.8900697666910279,0.8900697666910277,0.8073866485258998,0.8073866485258998,0.8409405255878285,0.6174957118353345,0.8435754189944135,7843.735000002198,4.162400000495836,4.117111771014675,1011,60,898,3,68,179.978
126,100,25,240,60,4028,1011,99,126,gradient_boosting_depth3_20_top126,gradient_boosting,126,126,"{""learning_rate"": 0.1, ""max_depth"": 3, ""n_estimators"": 20}",0.8130563798219584,0.808394877151494,0.8083948771514939,0.9231847305749515,0.9231847305749515,0.8621161091179984,0.8621161091179983,0.8273972602739726,0.6985172981878089,0.8992700729927007,9791.586399998778,4.307799998059636,4.26092977058322,1011,60,900,3,70,180.0
126,100,25,240,60,4028,1011,99,160,gradient_boosting_depth3_20_top160,gradient_boosting,160,160,"{""learning_rate"": 0.1, ""max_depth"": 3, ""n_estimators"": 20}",0.8199802176063303,0.8145745671124036,0.8145745671124037,0.9266275714910465,0.9266275714910465,0.8724921074709214,0.8724921074709214,0.8432732316227461,0.7064676616915423,0.8939828080229226,12413.827300002595,4.816000000573695,4.763600396215326,1011,60,900,3,85,180.0
126,100,25,240,60,4028,1011,99,1089,gradient_boosting_depth3_20_topall,gradient_boosting,all,1089,"{""learning_rate"": 0.1, ""max_depth"": 3, ""n_estimators"": 20}",0.8338278931750742,0.828811882048845,0.828811882048845,0.9391838148320991,0.9391838148320991,0.9031483044838223,0.9031483044838223,0.8751753155680224,0.7305785123966942,0.8806818181818182,84817.20680000217,13.664500002050772,13.515825916964166,1011,60,900,3,182,180.0
126,100,25,240,60,4028,1011,99,30,xgboost_depth3_20_top30,xgboost,30,30,"{""colsample_bytree"": 1.0, ""learning_rate"": 0.1, ""max_depth"": 3, ""min_child_weight"": 1, ""n_estimators"": 20, ""reg_lambda"": 1.0, ""subsample"": 1.0, ""tree_method"": ""hist""}",0.6636993076162215,0.6265923987188299,0.6265923987188299,0.81689839069934,0.8168983906993399,0.6590929952504933,0.6590929952504933,0.7227722772277227,0.32064128256513025,0.8363636363636363,147.5960000025225,3.3782000027713366,3.341444117479067,1011,60,890,3,28,179.3684210526316
126,100,25,240,60,4028,1011,99,50,xgboost_depth3_20_top50,xgboost,50,50,"{""colsample_bytree"": 1.0, ""learning_rate"": 0.1, ""max_depth"": 3, ""min_child_weight"": 1, ""n_estimators"": 20, ""reg_lambda"": 1.0, ""subsample"": 1.0, ""tree_method"": ""hist""}",0.6547972304648862,0.6170089965077823,0.6170089965077823,0.811701843519505,0.811701843519505,0.6466705508392406,0.6466705508392406,0.7216748768472906,0.304,0.8253521126760563,227.61670000181766,3.5711000018636696,3.532245303524896,1011,60,896,3,38,179.74895397489541
126,100,25,240,60,4028,1011,99,70,xgboost_depth3_20_top70,xgboost,70,70,"{""colsample_bytree"": 1.0, ""learning_rate"": 0.1, ""max_depth"": 3, ""min_child_weight"": 1, ""n_estimators"": 20, ""reg_lambda"": 1.0, ""subsample"": 1.0, ""tree_method"": ""hist""}",0.6399604352126608,0.6013353258396649,0.6013353258396649,0.809007446280822,0.809007446280822,0.6406420541324926,0.6406420541324926,0.7021013597033374,0.2749003984063745,0.8270042194092827,293.9619999997376,4.164199999650009,4.118892185608318,1011,60,896,3,54,179.74895397489541
126,100,25,240,60,4028,1011,99,100,xgboost_depth3_20_top100,xgboost,100,100,"{""colsample_bytree"": 1.0, ""learning_rate"": 0.1, ""max_depth"": 3, ""min_child_weight"": 1, ""n_estimators"": 20, ""reg_lambda"": 1.0, ""subsample"": 1.0, ""tree_method"": ""hist""}",0.771513353115727,0.7575853410768022,0.7575853410768022,0.8909928472265025,0.8909928472265025,0.8154598076633425,0.8154598076633426,0.8422459893048129,0.5918003565062389,0.8387096774193549,410.5792000009387,4.3550999980652705,4.307715131617479,1011,60,890,3,60,179.3684210526316
126,100,25,240,60,4028,1011,99,126,xgboost_depth3_20_top126,xgboost,126,126,"{""colsample_bytree"": 1.0, ""learning_rate"": 0.1, ""max_depth"": 3, ""min_child_weight"": 1, ""n_estimators"": 20, ""reg_lambda"": 1.0, ""subsample"": 1.0, ""tree_method"": ""hist""}",0.7903066271018794,0.7821408335980736,0.7821408335980737,0.9185282368721511,0.9185282368721512,0.8561540706303914,0.8561540706303914,0.8203017832647462,0.6507666098807495,0.8753541076487252,521.0951000008208,6.200200001330813,6.132739862839578,1011,60,896,3,69,179.74895397489541
126,100,25,240,60,4028,1011,99,160,xgboost_depth3_20_top160,xgboost,160,160,"{""colsample_bytree"": 1.0, ""learning_rate"": 0.1, ""max_depth"": 3, ""min_child_weight"": 1, ""n_estimators"": 20, ""reg_lambda"": 1.0, ""subsample"": 1.0, ""tree_method"": ""hist""}",0.8140454995054401,0.8065441343742531,0.806544134374253,0.923365237579504,0.923365237579504,0.8691084356671112,0.8691084356671113,0.844207723035952,0.6884681583476764,0.8869565217391304,685.3749999972933,5.758400002378039,5.695746787713194,1011,60,886,3,77,179.1120507399577
126,100,25,240,60,4028,1011,99,1089,xgboost_depth3_20_topall,xgboost,all,1089,"{""colsample_bytree"": 1.0, ""learning_rate"": 0.1, ""max_depth"": 3, ""min_child_weight"": 1, ""n_estimators"": 20, ""reg_lambda"": 1.0, ""subsample"": 1.0, ""tree_method"": ""hist""}",0.811078140454995,0.8038441864432818,0.8038441864432818,0.9371277960241499,0.9371277960241499,0.8995596828453168,0.899559682845317,0.8606896551724138,0.6904761904761905,0.8603667136812412,5123.979299998609,19.648199999210192,19.43442136420395,1011,60,896,3,139,179.74895397489541
168,100,25,240,60,4033,1006,99,30,gradient_boosting_depth3_20_top30,gradient_boosting,30,30,"{""learning_rate"": 0.1, ""max_depth"": 3, ""n_estimators"": 20}",0.7087475149105368,0.6857641454637701,0.6868123344618566,0.8585335594462299,0.8589699250900338,0.7212167163854031,0.7217807219629414,0.718397997496871,0.43846153846153846,0.9004329004329005,2456.5067000003182,3.66550000035204,3.6436381713240955,1006,60,900,3,30,180.0
168,100,25,240,60,4033,1006,99,50,gradient_boosting_depth3_20_top50,gradient_boosting,50,50,"{""learning_rate"": 0.1, ""max_depth"": 3, ""n_estimators"": 20}",0.7067594433399602,0.6846913850705588,0.6857401844286654,0.8572336475033152,0.8577055277959967,0.7245661863407834,0.7251893065676629,0.7164179104477612,0.4367816091954023,0.9008746355685131,4008.7017999976524,3.7211000017123297,3.6989065623383,1006,60,900,3,47,180.0
168,100,25,240,60,4033,1006,99,70,gradient_boosting_depth3_20_top70,gradient_boosting,70,70,"{""learning_rate"": 0.1, ""max_depth"": 3, ""n_estimators"": 20}",0.705765407554672,0.6862078036102209,0.6872091610561724,0.8555084691394536,0.8559829991283844,0.7217207400052645,0.7222378515714607,0.7088607594936709,0.44569288389513106,0.9040697674418605,5583.855100001529,3.829199999017874,3.8063618280495763,1006,60,900,3,61,180.0
168,100,25,240,60,4033,1006,99,100,gradient_boosting_depth3_20_top100,gradient_boosting,100,100,"{""learning_rate"": 0.1, ""max_depth"": 3, ""n_estimators"": 20}",0.8141153081510935,0.8116445111481577,0.8120571979794482,0.931506121966009,0.9317056199997291,0.8651866729767228,0.8653571550874796,0.8016877637130801,0.7028753993610224,0.9303703703703704,7868.713799998659,4.264000002876855,4.238568591328882,1006,60,894,3,65,179.996
168,100,25,240,60,4033,1006,99,126,gradient_boosting_depth3_20_top126,gradient_boosting,126,126,"{""learning_rate"": 0.1, ""max_depth"": 3, ""n_estimators"": 20}",0.8101391650099403,0.8086561629879521,0.8090428951135521,0.9305254590489745,0.9307237617290213,0.8624065546921349,0.8625630659300852,0.7849162011173184,0.699523052464229,0.9415292353823088,9804.326800000126,4.548000000795582,4.520874752281891,1006,60,898,3,75,179.996
168,100,25,240,60,4033,1006,99,160,gradient_boosting_depth3_20_top160,gradient_boosting,160,160,"{""learning_rate"": 0.1, ""max_depth"": 3, ""n_estimators"": 20}",0.8151093439363817,0.8138252853435861,0.814219606323308,0.934701941811643,0.9348892216198919,0.8728138022974369,0.8729909313600205,0.8,0.707740916271722,0.9337349397590361,12530.335899999045,5.412999998952728,5.380715704724381,1006,60,898,3,86,179.996
168,100,25,240,60,4033,1006,99,1089,gradient_boosting_depth3_20_topall,gradient_boosting,all,1089,"{""learning_rate"": 0.1, ""max_depth"": 3, ""n_estimators"": 20}",0.8339960238568589,0.8326614014269723,0.8330183253575995,0.9430281849044672,0.9432053645460036,0.8801659161163936,0.8801829712377013,0.8248587570621468,0.7389937106918238,0.9341317365269461,84223.6989999983,12.915999999677297,12.838966202462522,1006,60,898,3,174,179.996
168,100,25,240,60,4033,1006,99,30,xgboost_depth3_20_top30,xgboost,30,30,"{""colsample_bytree"": 1.0, ""learning_rate"": 0.1, ""max_depth"": 3, ""min_child_weight"": 1, ""n_estimators"": 20, ""reg_lambda"": 1.0, ""subsample"": 1.0, ""tree_method"": ""hist""}",0.7067594433399602,0.6761097457989339,0.6772911177976403,0.8599866398984845,0.8604308407066763,0.7198117128712062,0.7204338960260325,0.7246376811594203,0.40325865580448067,0.9004329004329005,147.33049999995274,3.2505999988643453,3.23121272252917,1006,60,896,3,28,179.74895397489541
168,100,25,240,60,4033,1006,99,50,xgboost_depth3_20_top50,xgboost,50,50,"{""colsample_bytree"": 1.0, ""learning_rate"": 0.1, ""max_depth"": 3, ""min_child_weight"": 1, ""n_estimators"": 20, ""reg_lambda"": 1.0, ""subsample"": 1.0, ""tree_method"": ""hist""}",0.7147117296222664,0.6868178514826359,0.6879522444317775,0.8614452734076531,0.8618951424823097,0.7192574888856571,0.7198393842374186,0.7351874244256348,0.42570281124497994,0.8995633187772926,218.7670999992406,3.5654999992402736,3.5442345916901328,1006,60,900,3,40,180.0
168,100,25,240,60,4033,1006,99,70,xgboost_depth3_20_top70,xgboost,70,70,"{""colsample_bytree"": 1.0, ""learning_rate"": 0.1, ""max_depth"": 3, ""min_child_weight"": 1, ""n_estimators"": 20, ""reg_lambda"": 1.0, ""subsample"": 1.0, ""tree_method"": ""hist""}",0.6968190854870775,0.6731434023831685,0.674247836879067,0.8551661224476095,0.8556257528269139,0.7099281564877709,0.7105337676522068,0.7086419753086419,0.41312741312741313,0.8976608187134503,323.95850000102655,4.386600001453189,4.360437377190049,1006,60,900,3,53,180.0
168,100,25,240,60,4033,1006,99,100,xgboost_depth3_20_top100,xgboost,100,100,"{""colsample_bytree"": 1.0, ""learning_rate"": 0.1, ""max_depth"": 3, ""min_child_weight"": 1, ""n_estimators"": 20, ""reg_lambda"": 1.0, ""subsample"": 1.0, ""tree_method"": ""hist""}",0.8081510934393639,0.8034287693793288,0.8039010017853323,0.9307463301731795,0.9309446733059066,0.8606384441245395,0.8608036681608373,0.7983425414364641,0.6821192052980133,0.9298245614035088,415.64590000052704,4.406100000778679,4.379821074332683,1006,60,880,3,48,178.72340425531914
168,100,25,240,60,4033,1006,99,126,xgboost_depth3_20_top126,xgboost,126,126,"{""colsample_bytree"": 1.0, ""learning_rate"": 0.1, ""max_depth"": 3, ""min_child_weight"": 1, ""n_estimators"": 20, ""reg_lambda"": 1.0, ""subsample"": 1.0, ""tree_method"": ""hist""}",0.7972166998011928,0.7939367066783648,0.7943951153437574,0.9288119661179935,0.929022210143389,0.8587063849654984,0.8588769367540239,0.772169167803547,0.6677631578947368,0.9418777943368107,583.1730999998399,4.987299998902017,4.957554670876757,1006,60,882,3,64,178.85350318471336
168,100,25,240,60,4033,1006,99,160,xgboost_depth3_20_top160,xgboost,160,160,"{""colsample_bytree"": 1.0, ""learning_rate"": 0.1, ""max_depth"": 3, ""min_child_weight"": 1, ""n_estimators"": 20, ""reg_lambda"": 1.0, ""subsample"": 1.0, ""tree_method"": ""hist""}",0.81610337972167,0.8129664703367917,0.8133996447815802,0.9328039602156736,0.9329986489426572,0.8627756968507093,0.8628661630848596,0.801641586867305,0.6983606557377049,0.9388971684053651,668.8795000009122,6.024700000125449,5.988767395750943,1006,60,882,3,77,178.85350318471336
168,100,25,240,60,4033,1006,99,1089,xgboost_depth3_20_topall,xgboost,all,1089,"{""colsample_bytree"": 1.0, ""learning_rate"": 0.1, ""max_depth"": 3, ""min_child_weight"": 1, ""n_estimators"": 20, ""reg_lambda"": 1.0, ""subsample"": 1.0, ""tree_method"": ""hist""}",0.841948310139165,0.8394949177496303,0.8398497708967814,0.9400181777517197,0.9401945999238275,0.8736297220403682,0.8736842461094361,0.8365650969529086,0.7487844408427877,0.9331352154531947,5165.070099999866,20.02879999781726,19.909343934211986,1006,60,882,3,141,178.85350318471336
210,100,25,240,60,4028,1011,95,30,gradient_boosting_depth3_20_top30,gradient_boosting,30,30,"{""learning_rate"": 0.1, ""max_depth"": 3, ""n_estimators"": 20}",0.7200791295746786,0.705582375146094,0.705074226041693,0.862437359045368,0.8621273927306959,0.7267616719609041,0.7260998034187287,0.6877370417193426,0.48440366972477067,0.9446064139941691,2477.7092000003904,4.010599997855024,3.966963400450074,1011,60,900,3,30,180.0
210,100,25,240,60,4028,1011,95,50,gradient_boosting_depth3_20_top50,gradient_boosting,50,50,"{""learning_rate"": 0.1, ""max_depth"": 3, ""n_estimators"": 20}",0.7161226508407518,0.7000049809446675,0.6994777915107279,0.8615859314210416,0.861270599680073,0.7219832913697904,0.7212590283071518,0.6825595984943539,0.4684014869888476,0.9490538573508006,4044.203400000697,3.8313000004563946,3.789614243774871,1011,60,900,3,47,180.0
210,100,25,240,60,4028,1011,95,70,gradient_boosting_depth3_20_top70,gradient_boosting,70,70,"{""learning_rate"": 0.1, ""max_depth"": 3, ""n_estimators"": 20}",0.7932739861523245,0.7874562433078512,0.7870953705190317,0.9068687262498732,0.9066793796383913,0.8216346180712898,0.8211391777968802,0.7651006711409396,0.649746192893401,0.9475218658892128,5537.572699999146,4.355299999588169,4.307912957060504,1011,60,896,3,47,180.0
210,100,25,240,60,4028,1011,95,100,gradient_boosting_depth3_20_top100,gradient_boosting,100,100,"{""learning_rate"": 0.1, ""max_depth"": 3, ""n_estimators"": 20}",0.8001978239366964,0.7965578479228915,0.7961704893227634,0.9179525931486919,0.9177760100443202,0.8361103251698121,0.8356413321774695,0.7603305785123967,0.673202614379085,0.956140350877193,7840.0000000001455,4.130699999222998,4.085756675789315,1011,60,900,3,58,180.0
210,100,25,240,60,4028,1011,95,126,gradient_boosting_depth3_20_top126,gradient_boosting,126,126,"{""learning_rate"": 0.1, ""max_depth"": 3, ""n_estimators"": 20}",0.8061325420375866,0.8027830208500847,0.8024219908089282,0.9213888694078771,0.921225508760357,0.8442328193870859,0.8437966388083105,0.771978021978022,0.6818923327895595,0.9544787077826725,9709.220900000219,4.4181999983266,4.370128583903659,1011,60,900,3,64,180.0
210,100,25,240,60,4028,1011,95,160,gradient_boosting_depth3_20_top160,gradient_boosting,160,160,"{""learning_rate"": 0.1, ""max_depth"": 3, ""n_estimators"": 20}",0.8001978239366964,0.7965690086527898,0.7962013238051039,0.9232166088776702,0.9230578302274993,0.849489019875126,0.8490680075591676,0.7669376693766937,0.66996699669967,0.9528023598820059,12230.533999998443,6.218800001079217,6.151137488703478,1011,60,900,3,76,180.0
210,100,25,240,60,4028,1011,95,1045,gradient_boosting_depth3_20_topall,gradient_boosting,all,1045,"{""learning_rate"": 0.1, ""max_depth"": 3, ""n_estimators"": 20}",0.8397626112759644,0.8387888721494575,0.8384892684443599,0.928450237059348,0.9282995723354519,0.8572422743258743,0.8568070476680087,0.8057142857142857,0.7534883720930232,0.9571639586410635,80474.88799999701,15.09989999976824,14.935608308376104,1011,60,900,3,165,180.0
210,100,25,240,60,4028,1011,95,30,xgboost_depth3_20_top30,xgboost,30,30,"{""colsample_bytree"": 1.0, ""learning_rate"": 0.1, ""max_depth"": 3, ""min_child_weight"": 1, ""n_estimators"": 20, ""reg_lambda"": 1.0, ""subsample"": 1.0, ""tree_method"": ""hist""}",0.7171117705242335,0.6864273444462125,0.6859497573693306,0.8595809928225426,0.859263277920912,0.7220327917158283,0.7213220873958502,0.7051886792452831,0.4074844074844075,0.9466089466089466,160.52530000160914,3.2797999992908444,3.244114737181844,1011,60,888,3,29,179.2405063291139
210,100,25,240,60,4028,1011,95,50,xgboost_depth3_20_top50,xgboost,50,50,"{""colsample_bytree"": 1.0, ""learning_rate"": 0.1, ""max_depth"": 3, ""min_child_weight"": 1, ""n_estimators"": 20, ""reg_lambda"": 1.0, ""subsample"": 1.0, ""tree_method"": ""hist""}",0.7101879327398615,0.6772876861263347,0.6768077148534408,0.8555732348855246,0.8552406080622048,0.7132513369531494,0.7125093231885498,0.7009345794392523,0.3873684210526316,0.9435600578871202,214.55330000026152,3.5862000004271977,3.547181009324627,1011,60,888,3,40,179.2405063291139
210,100,25,240,60,4028,1011,95,70,xgboost_depth3_20_top70,xgboost,70,70,"{""colsample_bytree"": 1.0, ""learning_rate"": 0.1, ""max_depth"": 3, ""min_child_weight"": 1, ""n_estimators"": 20, ""reg_lambda"": 1.0, ""subsample"": 1.0, ""tree_method"": ""hist""}",0.7912957467853611,0.7838126734300109,0.7834349179590661,0.912075335689901,0.9118923625228501,0.8322246022431264,0.8317584392017632,0.762532981530343,0.6354166666666666,0.9534883720930233,305.6192000003648,3.8634000011370517,3.821364986287885,1011,60,894,3,42,179.62264150943395
210,100,25,240,60,4028,1011,95,100,xgboost_depth3_20_top100,xgboost,100,100,"{""colsample_bytree"": 1.0, ""learning_rate"": 0.1, ""max_depth"": 3, ""min_child_weight"": 1, ""n_estimators"": 20, ""reg_lambda"": 1.0, ""subsample"": 1.0, ""tree_method"": ""hist""}",0.7992087042532147,0.7937003009403186,0.7933004958253551,0.9186536979925596,0.9184749425162722,0.8329917053784289,0.8324987474137796,0.7601078167115903,0.6587837837837838,0.9622093023255814,411.85570000016014,4.414800001541153,4.3667655801594,1011,60,886,3,56,179.1120507399577
210,100,25,240,60,4028,1011,95,126,xgboost_depth3_20_top126,xgboost,126,126,"{""colsample_bytree"": 1.0, ""learning_rate"": 0.1, ""max_depth"": 3, ""min_child_weight"": 1, ""n_estimators"": 20, ""reg_lambda"": 1.0, ""subsample"": 1.0, ""tree_method"": ""hist""}",0.8041543026706232,0.79934791074486,0.7989778405868275,0.92267082537349,0.9225058827749958,0.8480795361716331,0.8476477378073567,0.7704697986577181,0.67003367003367,0.9575402635431918,531.93139999712,7.1392999998352025,7.061622156117905,1011,60,890,3,62,179.3684210526316
210,100,25,240,60,4028,1011,95,160,xgboost_depth3_20_top160,xgboost,160,160,"{""colsample_bytree"": 1.0, ""learning_rate"": 0.1, ""max_depth"": 3, ""min_child_weight"": 1, ""n_estimators"": 20, ""reg_lambda"": 1.0, ""subsample"": 1.0, ""tree_method"": ""hist""}",0.7992087042532147,0.7936460483674762,0.7932525116517857,0.9203177651174181,0.9201451801018832,0.8431519835047822,0.8426815635234728,0.7616511318242344,0.658703071672355,0.9605839416058394,675.936499999807,5.719400000089081,5.657171117793354,1011,60,886,3,77,179.1120507399577
210,100,25,240,60,4028,1011,95,1045,xgboost_depth3_20_topall,xgboost,all,1045,"{""colsample_bytree"": 1.0, ""learning_rate"": 0.1, ""max_depth"": 3, ""min_child_weight"": 1, ""n_estimators"": 20, ""reg_lambda"": 1.0, ""subsample"": 1.0, ""tree_method"": ""hist""}",0.8298714144411474,0.8264544954480563,0.8261488599109447,0.9312457802053454,0.9311071497308709,0.8666123633730963,0.8662221411693166,0.801641586867305,0.7215815485996705,0.956140350877193,4757.400400001643,18.25710000048275,18.058456973771268,1011,60,892,3,143,179.49579831932772
336,100,25,240,60,4025,1014,96,30,gradient_boosting_depth3_20_top30,gradient_boosting,30,30,"{""learning_rate"": 0.1, ""max_depth"": 3, ""n_estimators"": 20}",0.6863905325443787,0.6709103338689187,0.6704530843827442,0.8434601049956115,0.843203803838453,0.7040475791311507,0.7036236672953791,0.6760925449871465,0.4364937388193202,0.9001447178002895,2475.5159999986063,3.589399999327725,3.539842208409985,1014,60,900,3,29,180.0
336,100,25,240,60,4025,1014,96,50,gradient_boosting_depth3_20_top50,gradient_boosting,50,50,"{""learning_rate"": 0.1, ""max_depth"": 3, ""n_estimators"": 20}",0.6942800788954635,0.6760877075183434,0.6756327332277754,0.8395385677103554,0.8392795532568268,0.689528635410596,0.6890984110747852,0.6919191919191919,0.4375,0.8988439306358381,4070.7314999999653,3.9238000026671216,3.869625249178621,1014,60,900,3,44,180.0
336,100,25,240,60,4025,1014,96,70,gradient_boosting_depth3_20_top70,gradient_boosting,70,70,"{""learning_rate"": 0.1, ""max_depth"": 3, ""n_estimators"": 20}",0.8244575936883629,0.8208400341393475,0.8206533346512529,0.9316758384026448,0.931572592554692,0.8656232907451527,0.8655007900663022,0.8363136176066025,0.7184466019417476,0.9077598828696926,5662.203699997917,6.248499998037005,6.162228794908289,1014,60,900,3,55,180.0
336,100,25,240,60,4025,1014,96,100,gradient_boosting_depth3_20_top100,gradient_boosting,100,100,"{""learning_rate"": 0.1, ""max_depth"": 3, ""n_estimators"": 20}",0.8372781065088757,0.8364398624625379,0.8362405174216428,0.9420692684740751,0.9419797757515266,0.8806301953726612,0.8804936840487665,0.8095238095238095,0.748829953198128,0.950965824665676,7927.426700000069,4.236900000250898,4.17840236711134,1014,60,900,3,72,180.0
336,100,25,240,60,4025,1014,96,126,gradient_boosting_depth3_20_top126,gradient_boosting,126,126,"{""learning_rate"": 0.1, ""max_depth"": 3, ""n_estimators"": 20}",0.8333333333333334,0.8327236112194815,0.832524399203613,0.948329922483731,0.9482478921729769,0.9005062255313513,0.9003796312829649,0.8016643550624133,0.7472527472527473,0.9492537313432836,9792.21200000029,4.510099999606609,4.447830374365492,1014,60,900,3,82,180.0
336,100,25,240,60,4025,1014,96,160,gradient_boosting_depth3_20_top160,gradient_boosting,160,160,"{""learning_rate"": 0.1, ""max_depth"": 3, ""n_estimators"": 20}",0.834319526627219,0.8336524650867779,0.8334469538071339,0.9478040981690894,0.9477204092054917,0.9043600361127843,0.9042385550705482,0.7988980716253443,0.7468354430379747,0.9552238805970149,12261.683799999446,5.0269000021216925,4.95749507112593,1014,60,900,3,95,180.0
336,100,25,240,60,4025,1014,96,1056,gradient_boosting_depth3_20_topall,gradient_boosting,all,1056,"{""learning_rate"": 0.1, ""max_depth"": 3, ""n_estimators"": 20}",0.8510848126232742,0.8509578430413404,0.8507913200386436,0.9511607237605793,0.9510774881415702,0.9101334796363959,0.9100275850236562,0.8340192043895748,0.775,0.9438543247344461,81530.79719999732,12.751900001603644,12.575838265881305,1014,60,900,3,178,180.0
336,100,25,240,60,4025,1014,96,30,xgboost_depth3_20_top30,xgboost,30,30,"{""colsample_bytree"": 1.0, ""learning_rate"": 0.1, ""max_depth"": 3, ""min_child_weight"": 1, ""n_estimators"": 20, ""reg_lambda"": 1.0, ""subsample"": 1.0, ""tree_method"": ""hist""}",0.6844181459566075,0.6652344363518101,0.6647508574423155,0.8481747711481566,0.8479280459772854,0.7102108431373004,0.7097842270189385,0.6741854636591479,0.4155844155844156,0.9059334298118669,149.3707000008726,3.4344999985478353,3.3870808664179837,1014,60,896,3,28,179.74895397489541
336,100,25,240,60,4025,1014,96,50,xgboost_depth3_20_top50,xgboost,50,50,"{""colsample_bytree"": 1.0, ""learning_rate"": 0.1, ""max_depth"": 3, ""min_child_weight"": 1, ""n_estimators"": 20, ""reg_lambda"": 1.0, ""subsample"": 1.0, ""tree_method"": ""hist""}",0.6775147928994083,0.6556055799277413,0.6551027632765234,0.8476868584804974,0.8474414395026546,0.706759448732396,0.7063225371875219,0.6781326781326781,0.389413988657845,0.8992700729927007,212.92750000066007,3.590800002712058,3.5412228823590315,1014,60,898,3,40,179.87473903966597
336,100,25,240,60,4025,1014,96,70,xgboost_depth3_20_top70,xgboost,70,70,"{""colsample_bytree"": 1.0, ""learning_rate"": 0.1, ""max_depth"": 3, ""min_child_weight"": 1, ""n_estimators"": 20, ""reg_lambda"": 1.0, ""subsample"": 1.0, ""tree_method"": ""hist""}",0.8372781065088757,0.8324738985569441,0.8323022045059055,0.9372655268454991,0.9371695272737203,0.8806365849489363,0.8805101454461987,0.8517520215633423,0.7357859531772575,0.9098837209302325,297.7109000021301,3.9013999994494952,3.8475345162223817,1014,60,896,3,46,179.74895397489541
336,100,25,240,60,4025,1014,96,100,xgboost_depth3_20_top100,xgboost,100,100,"{""colsample_bytree"": 1.0, ""learning_rate"": 0.1, ""max_depth"": 3, ""min_child_weight"": 1, ""n_estimators"": 20, ""reg_lambda"": 1.0, ""subsample"": 1.0, ""tree_method"": ""hist""}",0.8362919132149902,0.8346521143296844,0.8344530963508767,0.9427081025491901,0.9426189121234057,0.8851463800099868,0.88500481600024,0.8125854993160054,0.7447833065810594,0.9465875370919882,413.1379000027664,4.584099999192404,4.52080867770454,1014,60,898,3,58,179.87473903966597
336,100,25,240,60,4025,1014,96,126,xgboost_depth3_20_top126,xgboost,126,126,"{""colsample_bytree"": 1.0, ""learning_rate"": 0.1, ""max_depth"": 3, ""min_child_weight"": 1, ""n_estimators"": 20, ""reg_lambda"": 1.0, ""subsample"": 1.0, ""tree_method"": ""hist""}",0.8313609467455622,0.8293588726440874,0.8291453227474823,0.9484504737486222,0.9483695134466827,0.8985657086181907,0.8984441459415883,0.8026845637583893,0.7344262295081967,0.950965824665676,510.8330000002752,4.831199999898672,4.7644970413201895,1014,60,900,3,64,180.0
336,100,25,240,60,4025,1014,96,160,xgboost_depth3_20_top160,xgboost,160,160,"{""colsample_bytree"": 1.0, ""learning_rate"": 0.1, ""max_depth"": 3, ""min_child_weight"": 1, ""n_estimators"": 20, ""reg_lambda"": 1.0, ""subsample"": 1.0, ""tree_method"": ""hist""}",0.8274161735700197,0.8259983575821169,0.8257850523322573,0.9493341312146336,0.949254001637417,0.9043123443367778,0.9041952066909045,0.7989203778677463,0.7313915857605178,0.9476831091180867,680.6452999990142,6.114499999966938,6.030078895430905,1014,60,900,3,81,180.0
336,100,25,240,60,4025,1014,96,1056,xgboost_depth3_20_topall,xgboost,all,1056,"{""colsample_bytree"": 1.0, ""learning_rate"": 0.1, ""max_depth"": 3, ""min_child_weight"": 1, ""n_estimators"": 20, ""reg_lambda"": 1.0, ""subsample"": 1.0, ""tree_method"": ""hist""}",0.8589743589743589,0.8585085144667611,0.8583506976651026,0.951823192023201,0.9517425930944124,0.9125494821421674,0.9124451129345412,0.840499306518724,0.7875,0.9475262368815592,5144.868600000336,18.66900000095484,18.41124260449195,1014,60,900,3,152,180.0
512,100,25,240,60,4031,1008,100,30,gradient_boosting_depth3_20_top30,gradient_boosting,30,30,"{""learning_rate"": 0.1, ""max_depth"": 3, ""n_estimators"": 20}",0.7420634920634921,0.7331995812448836,0.73446043596703,0.8912829165992525,0.8918656646269331,0.7880085848567456,0.788942327722453,0.7229551451187335,0.5501730103806228,0.9264705882352942,2489.2762000017683,3.5408000003371853,3.512698413032922,1008,60,900,3,30,180.0
512,100,25,240,60,4031,1008,100,50,gradient_boosting_depth3_20_top50,gradient_boosting,50,50,"{""learning_rate"": 0.1, ""max_depth"": 3, ""n_estimators"": 20}",0.7470238095238095,0.7387411091237487,0.7399602298999425,0.8977012183561598,0.8982536748395625,0.7973344009915673,0.798297990653001,0.7241379310344828,0.5611015490533563,0.9309838472834068,4032.8848999997717,3.671900001791073,3.6427579382847948,1008,60,898,3,43,180.0
512,100,25,240,60,4031,1008,100,70,gradient_boosting_depth3_20_top70,gradient_boosting,70,70,"{""learning_rate"": 0.1, ""max_depth"": 3, ""n_estimators"": 20}",0.8591269841269841,0.8572831582789897,0.8578420512847655,0.9546783662205022,0.9549713622800827,0.9225115496717929,0.9228287074338968,0.861671469740634,0.7774294670846394,0.9327485380116959,5608.563300000242,3.9824999985285103,3.950892855683046,1008,60,898,3,61,179.998
512,100,25,240,60,4031,1008,100,100,gradient_boosting_depth3_20_top100,gradient_boosting,100,100,"{""learning_rate"": 0.1, ""max_depth"": 3, ""n_estimators"": 20}",0.8809523809523809,0.8787325289913198,0.8791985771817471,0.9682570317438263,0.9684494344292581,0.9419101533858969,0.9422611205818827,0.8869814020028612,0.8128,0.9364161849710982,7854.963599998882,4.267200001777383,4.23333333509661,1008,60,900,3,57,180.0
512,100,25,240,60,4031,1008,100,126,gradient_boosting_depth3_20_top126,gradient_boosting,126,126,"{""learning_rate"": 0.1, ""max_depth"": 3, ""n_estimators"": 20}",0.8650793650793651,0.8614983092879059,0.8620722310953712,0.9701371803968551,0.9703252466208017,0.9468866281174958,0.9472290277122319,0.8667601683029453,0.7796052631578947,0.9381294964028777,9912.151199998334,4.332699998485623,4.298313490561134,1008,60,900,3,74,180.0
512,100,25,240,60,4031,1008,100,160,gradient_boosting_depth3_20_top160,gradient_boosting,160,160,"{""learning_rate"": 0.1, ""max_depth"": 3, ""n_estimators"": 20}",0.8670634920634921,0.8635919149077044,0.8641585998298091,0.9708833262252033,0.9710643749681512,0.947885691404112,0.94822636687545,0.8699300699300699,0.7828947368421053,0.937950937950938,12244.380600001023,4.92600000143284,4.88690476332623,1008,60,900,3,89,180.0
512,100,25,240,60,4031,1008,100,1100,gradient_boosting_depth3_20_topall,gradient_boosting,all,1100,"{""learning_rate"": 0.1, ""max_depth"": 3, ""n_estimators"": 20}",0.8482142857142857,0.8447656006630718,0.8453993691826612,0.9625991597637723,0.962815820745377,0.9306688263180659,0.9310117991969435,0.84593837535014,0.7536704730831973,0.9346879535558781,85339.58710000297,10.60209999923245,10.51795634844489,1008,60,900,3,174,180.0
512,100,25,240,60,4031,1008,100,30,xgboost_depth3_20_top30,xgboost,30,30,"{""colsample_bytree"": 1.0, ""learning_rate"": 0.1, ""max_depth"": 3, ""min_child_weight"": 1, ""n_estimators"": 20, ""reg_lambda"": 1.0, ""subsample"": 1.0, ""tree_method"": ""hist""}",0.7450396825396826,0.729410850375793,0.7308488927013311,0.8893236749060881,0.8899242149978589,0.7821516468803417,0.7831561428370031,0.7297979797979798,0.5223880597014925,0.936046511627907,149.11930000016582,3.5604000004241243,3.5321428575636156,1008,60,896,3,30,179.74895397489541
512,100,25,240,60,4031,1008,100,50,xgboost_depth3_20_top50,xgboost,50,50,"{""colsample_bytree"": 1.0, ""learning_rate"": 0.1, ""max_depth"": 3, ""min_child_weight"": 1, ""n_estimators"": 20, ""reg_lambda"": 1.0, ""subsample"": 1.0, ""tree_method"": ""hist""}",0.748015873015873,0.7323929664009631,0.7338139185635535,0.8935938271109287,0.8941670385201762,0.7872626037716618,0.788270609902419,0.7345911949685534,0.5280898876404494,0.9344978165938864,211.53650000269408,3.5915000007662456,3.562996032506196,1008,60,894,3,45,179.62264150943395
512,100,25,240,60,4031,1008,100,70,xgboost_depth3_20_top70,xgboost,70,70,"{""colsample_bytree"": 1.0, ""learning_rate"": 0.1, ""max_depth"": 3, ""min_child_weight"": 1, ""n_estimators"": 20, ""reg_lambda"": 1.0, ""subsample"": 1.0, ""tree_method"": ""hist""}",0.8511904761904762,0.8476802257233474,0.8483005450304371,0.9528023236255397,0.9531032957085164,0.9180480275334327,0.9183539848372645,0.8519040902679831,0.758957654723127,0.9321789321789322,294.45960000157356,4.069700000400189,4.037400794047807,1008,60,880,3,43,178.72340425531914
512,100,25,240,60,4031,1008,100,100,xgboost_depth3_20_top100,xgboost,100,100,"{""colsample_bytree"": 1.0, ""learning_rate"": 0.1, ""max_depth"": 3, ""min_child_weight"": 1, ""n_estimators"": 20, ""reg_lambda"": 1.0, ""subsample"": 1.0, ""tree_method"": ""hist""}",0.8541666666666666,0.8484613547492504,0.8491361399713715,0.9633522603315536,0.9635920935386578,0.9335977752561885,0.9339797441843555,0.8633879781420765,0.7534246575342466,0.9285714285714286,418.08559999844874,4.2777999988175,4.243849205176091,1008,60,898,3,51,179.87473903966597
512,100,25,240,60,4031,1008,100,126,xgboost_depth3_20_top126,xgboost,126,126,"{""colsample_bytree"": 1.0, ""learning_rate"": 0.1, ""max_depth"": 3, ""min_child_weight"": 1, ""n_estimators"": 20, ""reg_lambda"": 1.0, ""subsample"": 1.0, ""tree_method"": ""hist""}",0.8501984126984127,0.8435761410339606,0.8442817623603234,0.9690170744578385,0.9692159420365044,0.9442326297929183,0.9445848636568001,0.8602442333785617,0.7443478260869565,0.9261363636363636,597.8694000004907,5.479700001160381,5.436210318611489,1008,60,900,3,67,180.0
512,100,25,240,60,4031,1008,100,160,xgboost_depth3_20_top160,xgboost,160,160,"{""colsample_bytree"": 1.0, ""learning_rate"": 0.1, ""max_depth"": 3, ""min_child_weight"": 1, ""n_estimators"": 20, ""reg_lambda"": 1.0, ""subsample"": 1.0, ""tree_method"": ""hist""}",0.8541666666666666,0.8480115142729282,0.8486892411323549,0.9718411773017905,0.9720199239146559,0.9494745749097818,0.9498062178250938,0.8602442333785617,0.7521663778162911,0.9316239316239316,686.478999999963,6.452300000091782,6.401091269932324,1008,60,898,3,74,179.87473903966597
512,100,25,240,60,4031,1008,100,1100,xgboost_depth3_20_topall,xgboost,all,1100,"{""colsample_bytree"": 1.0, ""learning_rate"": 0.1, ""max_depth"": 3, ""min_child_weight"": 1, ""n_estimators"": 20, ""reg_lambda"": 1.0, ""subsample"": 1.0, ""tree_method"": ""hist""}",0.8561507936507936,0.8514516463837257,0.852088168887629,0.9675412103155633,0.9677449181418957,0.9390976044164132,0.9394436383356674,0.859504132231405,0.7609427609427609,0.9339080459770115,5135.959300001559,17.933999999513617,17.791666666184145,1008,60,898,3,139,179.87473903966597
